<?xml version="1.0" encoding="UTF-8"?>
<!--This file contains all the Entity and Attribute Information--><gfc:FC_FeatureCatalogue xmlns:gmx="http://www.isotc211.org/2005/gmx"
                         xmlns:gco="http://www.isotc211.org/2005/gco"
                         xmlns:gmd="http://www.isotc211.org/2005/gmd"
                         xmlns:xlink="http://www.w3.org/1999/xlink"
                         xmlns:gml="http://www.opengis.net/gml/3.2"
                         xmlns:xsi="http://www.w3.org/2001/XMLSchema-instance"
                         xmlns:gfc="http://www.isotc211.org/2005/gfc"
                         xsi:schemaLocation="https://www.ngdc.noaa.gov/metadata/published/xsd/schema/gfc/featureCataloging.xsd">
   <gmx:name>
      <gco:CharacterString>Feature Catalog for the  Current State and Equivalent National</gco:CharacterString>
   </gmx:name>
   <gmx:scope>
      <gco:CharacterString>The Current State and Equivalent National contains attributes for the primary governmental divisions of the United States. In addition to the fifty States, the Census Bureau treats the District of Columbia, Puerto Rico, and each of the Island Areas (American Samoa, the Commonwealth of the Northern Mariana Islands, Guam, and the U.S. Virgin Islands) as the statistical equivalents of States for the purpose of data presentation.</gco:CharacterString>
   </gmx:scope>
   <gmx:versionNumber>
      <gco:CharacterString>2017</gco:CharacterString>
   </gmx:versionNumber>
   <gmx:versionDate>
      <gco:Date>2017-06-01</gco:Date>
   </gmx:versionDate>
   <gmx:language>
      <gco:CharacterString>eng</gco:CharacterString>
   </gmx:language>
   <gmx:characterSet>
      <gmd:MD_CharacterSetCode codeList="http://www.isotc211.org/2005/resources/Codelist/gmxCodelists.xml#MD_CharacterSetCode"
                               codeListValue="utf8"
                               codeSpace="004">utf8
            </gmd:MD_CharacterSetCode>
   </gmx:characterSet>
   <gfc:producer>
      <gmd:CI_ResponsibleParty>
         <gmd:organisationName>
            <gco:CharacterString>U.S. Department of Commerce, U.S. Census Bureau, Geography Division, Spatial Data Collection and Products Branch</gco:CharacterString>
         </gmd:organisationName>
         <gmd:contactInfo>
            <gmd:CI_Contact>
               <gmd:phone>
                  <gmd:CI_Telephone>
                     <gmd:voice>
                        <gco:CharacterString>301-763-1128</gco:CharacterString>
                     </gmd:voice>
                     <gmd:facsimile>
                        <gco:CharacterString>301-763-4710</gco:CharacterString>
                     </gmd:facsimile>
                  </gmd:CI_Telephone>
               </gmd:phone>
               <gmd:address>
                  <gmd:CI_Address>
                     <gmd:deliveryPoint>
                        <gco:CharacterString>4600 Silver Hill Road, Stop 7400</gco:CharacterString>
                     </gmd:deliveryPoint>
                     <gmd:city>
                        <gco:CharacterString>Washington</gco:CharacterString>
                     </gmd:city>
                     <gmd:administrativeArea>
                        <gco:CharacterString>DC</gco:CharacterString>
                     </gmd:administrativeArea>
                     <gmd:postalCode>
                        <gco:CharacterString>20233-7400</gco:CharacterString>
                     </gmd:postalCode>
                     <gmd:country>
                        <gco:CharacterString>United States</gco:CharacterString>
                     </gmd:country>
                     <gmd:electronicMailAddress>
                        <gco:CharacterString>geo.geography@census.gov</gco:CharacterString>
                     </gmd:electronicMailAddress>
                  </gmd:CI_Address>
               </gmd:address>
            </gmd:CI_Contact>
         </gmd:contactInfo>
         <gmd:role>
            <gmd:CI_RoleCode codeList="http://www.isotc211.org/2005/resources/Codelist/gmxCodelists.xml#CI_RoleCode"
                             codeListValue="pointofContact"> pointofContact </gmd:CI_RoleCode>
         </gmd:role>
      </gmd:CI_ResponsibleParty>
   </gfc:producer>
   <gfc:featureType>
      <gfc:FC_FeatureType>
         <gfc:typeName>
            <gco:LocalName>STATE.shp</gco:LocalName>
         </gfc:typeName>
         <gfc:definition>
            <gco:CharacterString>Current State and Equivalent National entities</gco:CharacterString>
         </gfc:definition>
         <gfc:isAbstract>
            <gco:Boolean>false</gco:Boolean>
         </gfc:isAbstract>
         <gfc:featureCatalogue uuidref="2017_state.ea.iso.xml"/>
         <gfc:carrierOfCharacteristics>
            <gfc:FC_FeatureAttribute>
               <gfc:memberName>
                  <gco:LocalName>REGION</gco:LocalName>
               </gfc:memberName>
               <gfc:definition>
                  <gco:CharacterString>Current Census region code</gco:CharacterString>
               </gfc:definition>
               <gfc:cardinality gco:nilReason="unknown"/>
               <gfc:definitionReference xlink:title="U.S. Census Bureau"
                                        xlink:href="http://www.ngdc.noaa.gov/docucomp/eb139e38-ee29-4d59-b157-5e874d4420c4"/>
               <gfc:listedValue>
                  <gfc:FC_ListedValue>
                     <gfc:label>
                        <gco:CharacterString>1</gco:CharacterString>
                     </gfc:label>
                     <gfc:definition>
                        <gco:CharacterString>Northeast</gco:CharacterString>
                     </gfc:definition>
                     <gfc:definitionReference xlink:title="U.S. Census Bureau"
                                              xlink:href="http://www.ngdc.noaa.gov/docucomp/eb139e38-ee29-4d59-b157-5e874d4420c4"/>
                  </gfc:FC_ListedValue>
               </gfc:listedValue>
               <gfc:listedValue>
                  <gfc:FC_ListedValue>
                     <gfc:label>
                        <gco:CharacterString>2</gco:CharacterString>
                     </gfc:label>
                     <gfc:definition>
                        <gco:CharacterString>Midwest</gco:CharacterString>
                     </gfc:definition>
                     <gfc:definitionReference xlink:title="U.S. Census Bureau"
                                              xlink:href="http://www.ngdc.noaa.gov/docucomp/eb139e38-ee29-4d59-b157-5e874d4420c4"/>
                  </gfc:FC_ListedValue>
               </gfc:listedValue>
               <gfc:listedValue>
                  <gfc:FC_ListedValue>
                     <gfc:label>
                        <gco:CharacterString>3</gco:CharacterString>
                     </gfc:label>
                     <gfc:definition>
                        <gco:CharacterString>South</gco:CharacterString>
                     </gfc:definition>
                     <gfc:definitionReference xlink:title="U.S. Census Bureau"
                                              xlink:href="http://www.ngdc.noaa.gov/docucomp/eb139e38-ee29-4d59-b157-5e874d4420c4"/>
                  </gfc:FC_ListedValue>
               </gfc:listedValue>
               <gfc:listedValue>
                  <gfc:FC_ListedValue>
                     <gfc:label>
                        <gco:CharacterString>4</gco:CharacterString>
                     </gfc:label>
                     <gfc:definition>
                        <gco:CharacterString>West</gco:CharacterString>
                     </gfc:definition>
                     <gfc:definitionReference xlink:title="U.S. Census Bureau"
                                              xlink:href="http://www.ngdc.noaa.gov/docucomp/eb139e38-ee29-4d59-b157-5e874d4420c4"/>
                  </gfc:FC_ListedValue>
               </gfc:listedValue>
               <gfc:listedValue>
                  <gfc:FC_ListedValue>
                     <gfc:label>
                        <gco:CharacterString>9</gco:CharacterString>
                     </gfc:label>
                     <gfc:definition>
                        <gco:CharacterString>Puerto Rico and the Island Areas</gco:CharacterString>
                     </gfc:definition>
                     <gfc:definitionReference xlink:title="U.S. Census Bureau"
                                              xlink:href="http://www.ngdc.noaa.gov/docucomp/eb139e38-ee29-4d59-b157-5e874d4420c4"/>
                  </gfc:FC_ListedValue>
               </gfc:listedValue>
            </gfc:FC_FeatureAttribute>
         </gfc:carrierOfCharacteristics>
         <gfc:carrierOfCharacteristics>
            <gfc:FC_FeatureAttribute>
               <gfc:memberName>
                  <gco:LocalName>DIVISION</gco:LocalName>
               </gfc:memberName>
               <gfc:definition>
                  <gco:CharacterString>Current Census division code</gco:CharacterString>
               </gfc:definition>
               <gfc:cardinality gco:nilReason="unknown"/>
               <gfc:definitionReference xlink:title="U.S. Census Bureau"
                                        xlink:href="http://www.ngdc.noaa.gov/docucomp/eb139e38-ee29-4d59-b157-5e874d4420c4"/>
               <gfc:listedValue>
                  <gfc:FC_ListedValue>
                     <gfc:label>
                        <gco:CharacterString>0</gco:CharacterString>
                     </gfc:label>
                     <gfc:definition>
                        <gco:CharacterString>Puerto Rico and the Island Areas</gco:CharacterString>
                     </gfc:definition>
                     <gfc:definitionReference xlink:title="U.S. Census Bureau"
                                              xlink:href="http://www.ngdc.noaa.gov/docucomp/eb139e38-ee29-4d59-b157-5e874d4420c4"/>
                  </gfc:FC_ListedValue>
               </gfc:listedValue>
               <gfc:listedValue>
                  <gfc:FC_ListedValue>
                     <gfc:label>
                        <gco:CharacterString>1</gco:CharacterString>
                     </gfc:label>
                     <gfc:definition>
                        <gco:CharacterString>New England</gco:CharacterString>
                     </gfc:definition>
                     <gfc:definitionReference xlink:title="U.S. Census Bureau"
                                              xlink:href="http://www.ngdc.noaa.gov/docucomp/eb139e38-ee29-4d59-b157-5e874d4420c4"/>
                  </gfc:FC_ListedValue>
               </gfc:listedValue>
               <gfc:listedValue>
                  <gfc:FC_ListedValue>
                     <gfc:label>
                        <gco:CharacterString>2</gco:CharacterString>
                     </gfc:label>
                     <gfc:definition>
                        <gco:CharacterString>Middle Atlantic</gco:CharacterString>
                     </gfc:definition>
                     <gfc:definitionReference xlink:title="U.S. Census Bureau"
                                              xlink:href="http://www.ngdc.noaa.gov/docucomp/eb139e38-ee29-4d59-b157-5e874d4420c4"/>
                  </gfc:FC_ListedValue>
               </gfc:listedValue>
               <gfc:listedValue>
                  <gfc:FC_ListedValue>
                     <gfc:label>
                        <gco:CharacterString>3</gco:CharacterString>
                     </gfc:label>
                     <gfc:definition>
                        <gco:CharacterString>East North Central</gco:CharacterString>
                     </gfc:definition>
                     <gfc:definitionReference xlink:title="U.S. Census Bureau"
                                              xlink:href="http://www.ngdc.noaa.gov/docucomp/eb139e38-ee29-4d59-b157-5e874d4420c4"/>
                  </gfc:FC_ListedValue>
               </gfc:listedValue>
               <gfc:listedValue>
                  <gfc:FC_ListedValue>
                     <gfc:label>
                        <gco:CharacterString>4</gco:CharacterString>
                     </gfc:label>
                     <gfc:definition>
                        <gco:CharacterString>West North Central</gco:CharacterString>
                     </gfc:definition>
                     <gfc:definitionReference xlink:title="U.S. Census Bureau"
                                              xlink:href="http://www.ngdc.noaa.gov/docucomp/eb139e38-ee29-4d59-b157-5e874d4420c4"/>
                  </gfc:FC_ListedValue>
               </gfc:listedValue>
               <gfc:listedValue>
                  <gfc:FC_ListedValue>
                     <gfc:label>
                        <gco:CharacterString>5</gco:CharacterString>
                     </gfc:label>
                     <gfc:definition>
                        <gco:CharacterString>South Atlantic</gco:CharacterString>
                     </gfc:definition>
                     <gfc:definitionReference xlink:title="U.S. Census Bureau"
                                              xlink:href="http://www.ngdc.noaa.gov/docucomp/eb139e38-ee29-4d59-b157-5e874d4420c4"/>
                  </gfc:FC_ListedValue>
               </gfc:listedValue>
               <gfc:listedValue>
                  <gfc:FC_ListedValue>
                     <gfc:label>
                        <gco:CharacterString>6</gco:CharacterString>
                     </gfc:label>
                     <gfc:definition>
                        <gco:CharacterString>East South Central</gco:CharacterString>
                     </gfc:definition>
                     <gfc:definitionReference xlink:title="U.S. Census Bureau"
                                              xlink:href="http://www.ngdc.noaa.gov/docucomp/eb139e38-ee29-4d59-b157-5e874d4420c4"/>
                  </gfc:FC_ListedValue>
               </gfc:listedValue>
               <gfc:listedValue>
                  <gfc:FC_ListedValue>
                     <gfc:label>
                        <gco:CharacterString>7</gco:CharacterString>
                     </gfc:label>
                     <gfc:definition>
                        <gco:CharacterString>West South Central</gco:CharacterString>
                     </gfc:definition>
                     <gfc:definitionReference xlink:title="U.S. Census Bureau"
                                              xlink:href="http://www.ngdc.noaa.gov/docucomp/eb139e38-ee29-4d59-b157-5e874d4420c4"/>
                  </gfc:FC_ListedValue>
               </gfc:listedValue>
               <gfc:listedValue>
                  <gfc:FC_ListedValue>
                     <gfc:label>
                        <gco:CharacterString>8</gco:CharacterString>
                     </gfc:label>
                     <gfc:definition>
                        <gco:CharacterString>Mountain</gco:CharacterString>
                     </gfc:definition>
                     <gfc:definitionReference xlink:title="U.S. Census Bureau"
                                              xlink:href="http://www.ngdc.noaa.gov/docucomp/eb139e38-ee29-4d59-b157-5e874d4420c4"/>
                  </gfc:FC_ListedValue>
               </gfc:listedValue>
               <gfc:listedValue>
                  <gfc:FC_ListedValue>
                     <gfc:label>
                        <gco:CharacterString>9</gco:CharacterString>
                     </gfc:label>
                     <gfc:definition>
                        <gco:CharacterString>Pacific</gco:CharacterString>
                     </gfc:definition>
                     <gfc:definitionReference xlink:title="U.S. Census Bureau"
                                              xlink:href="http://www.ngdc.noaa.gov/docucomp/eb139e38-ee29-4d59-b157-5e874d4420c4"/>
                  </gfc:FC_ListedValue>
               </gfc:listedValue>
            </gfc:FC_FeatureAttribute>
         </gfc:carrierOfCharacteristics>
         <gfc:carrierOfCharacteristics>
            <gfc:FC_FeatureAttribute>
               <gfc:memberName>
                  <gco:LocalName>STATEFP</gco:LocalName>
               </gfc:memberName>
               <gfc:definition>
                  <gco:CharacterString>Current state Federal Information Processing Series (FIPS) code</gco:CharacterString>
               </gfc:definition>
               <gfc:cardinality gco:nilReason="unknown"/>
               <gfc:definitionReference xlink:title="U.S. Census Bureau"
                                        xlink:href="http://www.ngdc.noaa.gov/docucomp/eb139e38-ee29-4d59-b157-5e874d4420c4"/>
               <gfc:listedValue>
                  <gfc:FC_ListedValue>
                     <gfc:label>
                        <gco:CharacterString>National Standard Codes (ANSI INCITS 38-2009), Federal Information Processing 
                      Series (FIPS) - States/State Equivalents</gco:CharacterString>
                     </gfc:label>
                     <gfc:definitionReference xlink:title="U.S. Census Bureau"
                                              xlink:href="http://www.ngdc.noaa.gov/docucomp/eb139e38-ee29-4d59-b157-5e874d4420c4"/>
                  </gfc:FC_ListedValue>
               </gfc:listedValue>
            </gfc:FC_FeatureAttribute>
         </gfc:carrierOfCharacteristics>
         <gfc:carrierOfCharacteristics>
            <gfc:FC_FeatureAttribute>
               <gfc:memberName>
                  <gco:LocalName>STATENS</gco:LocalName>
               </gfc:memberName>
               <gfc:definition>
                  <gco:CharacterString>Current state GNIS code</gco:CharacterString>
               </gfc:definition>
               <gfc:cardinality gco:nilReason="unknown"/>
               <gfc:definitionReference xlink:title="U.S. Census Bureau"
                                        xlink:href="http://www.ngdc.noaa.gov/docucomp/eb139e38-ee29-4d59-b157-5e874d4420c4"/>
               <gfc:listedValue>
                  <gfc:FC_ListedValue>
                     <gfc:label>
                        <gco:CharacterString>INCITS 446:2008 (Geographic Names Information System (GNIS)), Identifying Attributes 
                      for Named Physical and Cultural Geographic Features (Except Roads and Highways) of 
                      the United States, Its Territories, Outlying Areas, and Freely Associated Areas, and 
                      the Waters of the Same to the Limit of the Twelve-Mile Statutory Zone</gco:CharacterString>
                     </gfc:label>
                     <gfc:definitionReference xlink:title="United States Geological Survey (USGS)"
                                              xlink:href="http://www.ngdc.noaa.gov/docucomp/8d0b86d3-09b4-4fc4-8e8e-2922517fe12d&#xA;                                                "/>
                  </gfc:FC_ListedValue>
               </gfc:listedValue>
            </gfc:FC_FeatureAttribute>
         </gfc:carrierOfCharacteristics>
         <gfc:carrierOfCharacteristics>
            <gfc:FC_FeatureAttribute>
               <gfc:memberName>
                  <gco:LocalName>GEOID</gco:LocalName>
               </gfc:memberName>
               <gfc:definition>
                  <gco:CharacterString>State identifier; state FIPS code</gco:CharacterString>
               </gfc:definition>
               <gfc:cardinality gco:nilReason="unknown"/>
               <gfc:definitionReference xlink:title="U.S. Census Bureau"
                                        xlink:href="http://www.ngdc.noaa.gov/docucomp/eb139e38-ee29-4d59-b157-5e874d4420c4"/>
               <gfc:listedValue>
                  <gfc:FC_ListedValue>
                     <gfc:label>
                        <gco:CharacterString>National Standard Codes (ANSI INCITS 38-2009), Federal Information Processing
            </gco:CharacterString>
                     </gfc:label>
                     <gfc:definitionReference xlink:title="U.S. Census Bureau"
                                              xlink:href="http://www.ngdc.noaa.gov/docucomp/eb139e38-ee29-4d59-b157-5e874d4420c4"/>
                  </gfc:FC_ListedValue>
               </gfc:listedValue>
            </gfc:FC_FeatureAttribute>
         </gfc:carrierOfCharacteristics>
         <gfc:carrierOfCharacteristics>
            <gfc:FC_FeatureAttribute>
               <gfc:memberName>
                  <gco:LocalName>STUSPS</gco:LocalName>
               </gfc:memberName>
               <gfc:definition>
                  <gco:CharacterString>Current United States Postal Service state abbreviation</gco:CharacterString>
               </gfc:definition>
               <gfc:cardinality gco:nilReason="unknown"/>
               <gfc:definitionReference>
                  <gfc:FC_DefinitionReference>
                     <gfc:definitionSource>
                        <gfc:FC_DefinitionSource>
                           <gfc:source>
                              <gmd:CI_Citation>
                                 <gmd:title gco:nilReason="inapplicable"/>
                                 <gmd:date gco:nilReason="unknown"/>
                                 <gmd:citedResponsibleParty>
                                    <gmd:CI_ResponsibleParty>
                                       <gmd:organisationName>
                                          <gco:CharacterString>U.S. Postal Service</gco:CharacterString>
                                       </gmd:organisationName>
                                       <gmd:role>
                                          <gmd:CI_RoleCode codeList="http://www.isotc211.org/2005/resources/Codelist/gmxCodelists.xml#CI_RoleCode"
                                                           codeListValue="resourceProvider"
                                                           codeSpace="001"> resourceProvider
                                                  </gmd:CI_RoleCode>
                                       </gmd:role>
                                    </gmd:CI_ResponsibleParty>
                                 </gmd:citedResponsibleParty>
                              </gmd:CI_Citation>
                           </gfc:source>
                        </gfc:FC_DefinitionSource>
                     </gfc:definitionSource>
                  </gfc:FC_DefinitionReference>
               </gfc:definitionReference>
               <gfc:listedValue>
                  <gfc:FC_ListedValue>
                     <gfc:label>
                        <gco:CharacterString>Publication 28 - Postal Addressing Standards</gco:CharacterString>
                     </gfc:label>
                     <gfc:definitionReference>
                        <gfc:FC_DefinitionReference>
                           <gfc:definitionSource>
                              <gfc:FC_DefinitionSource>
                                 <gfc:source>
                                    <gmd:CI_Citation>
                                       <gmd:title gco:nilReason="inapplicable"/>
                                       <gmd:date gco:nilReason="unknown"/>
                                       <gmd:citedResponsibleParty>
                                          <gmd:CI_ResponsibleParty>
                                             <gmd:organisationName>
                                                <gco:CharacterString>U.S. Postal Service</gco:CharacterString>
                                             </gmd:organisationName>
                                             <gmd:role>
                                                <gmd:CI_RoleCode codeList="http://www.isotc211.org/2005/resources/Codelist/gmxCodelists.xml#CI_RoleCode"
                                                                 codeListValue="resourceProvider"
                                                                 codeSpace="001">resourceProvider
                                                  </gmd:CI_RoleCode>
                                             </gmd:role>
                                          </gmd:CI_ResponsibleParty>
                                       </gmd:citedResponsibleParty>
                                    </gmd:CI_Citation>
                                 </gfc:source>
                              </gfc:FC_DefinitionSource>
                           </gfc:definitionSource>
                        </gfc:FC_DefinitionReference>
                     </gfc:definitionReference>
                  </gfc:FC_ListedValue>
               </gfc:listedValue>
            </gfc:FC_FeatureAttribute>
         </gfc:carrierOfCharacteristics>
         <gfc:carrierOfCharacteristics>
            <gfc:FC_FeatureAttribute>
               <gfc:memberName>
                  <gco:LocalName>NAME</gco:LocalName>
               </gfc:memberName>
               <gfc:definition>
                  <gco:CharacterString>Current state name</gco:CharacterString>
               </gfc:definition>
               <gfc:cardinality gco:nilReason="unknown"/>
               <gfc:definitionReference xlink:title="U.S. Census Bureau"
                                        xlink:href="http://www.ngdc.noaa.gov/docucomp/eb139e38-ee29-4d59-b157-5e874d4420c4"/>
               <gfc:listedValue>
                  <gfc:FC_ListedValue>
                     <gfc:label>
                        <gco:CharacterString>National Standard Codes (ANSI INCITS 38-2009), Federal Information Processing 
                      Series (FIPS) - States/State Equivalents</gco:CharacterString>
                     </gfc:label>
                     <gfc:definitionReference xlink:title="U.S. Census Bureau"
                                              xlink:href="http://www.ngdc.noaa.gov/docucomp/eb139e38-ee29-4d59-b157-5e874d4420c4"/>
                  </gfc:FC_ListedValue>
               </gfc:listedValue>
            </gfc:FC_FeatureAttribute>
         </gfc:carrierOfCharacteristics>
         <gfc:carrierOfCharacteristics>
            <gfc:FC_FeatureAttribute>
               <gfc:memberName>
                  <gco:LocalName>LSAD</gco:LocalName>
               </gfc:memberName>
               <gfc:definition>
                  <gco:CharacterString>Current legal/statistical area description code for state</gco:CharacterString>
               </gfc:definition>
               <gfc:cardinality gco:nilReason="unknown"/>
               <gfc:definitionReference xlink:title="U.S. Census Bureau"
                                        xlink:href="http://www.ngdc.noaa.gov/docucomp/eb139e38-ee29-4d59-b157-5e874d4420c4"/>
               <gfc:listedValue>
                  <gfc:FC_ListedValue>
                     <gfc:label>
                        <gco:CharacterString>00</gco:CharacterString>
                     </gfc:label>
                     <gfc:definition>
                        <gco:CharacterString>Blank</gco:CharacterString>
                     </gfc:definition>
                     <gfc:definitionReference xlink:title="U.S. Census Bureau"
                                              xlink:href="http://www.ngdc.noaa.gov/docucomp/eb139e38-ee29-4d59-b157-5e874d4420c4"/>
                  </gfc:FC_ListedValue>
               </gfc:listedValue>
            </gfc:FC_FeatureAttribute>
         </gfc:carrierOfCharacteristics>
         <gfc:carrierOfCharacteristics>
            <gfc:FC_FeatureAttribute>
               <gfc:memberName>
                  <gco:LocalName>MTFCC</gco:LocalName>
               </gfc:memberName>
               <gfc:definition>
                  <gco:CharacterString>MAF/TIGER feature class code</gco:CharacterString>
               </gfc:definition>
               <gfc:cardinality gco:nilReason="unknown"/>
               <gfc:definitionReference xlink:title="U.S. Census Bureau"
                                        xlink:href="http://www.ngdc.noaa.gov/docucomp/eb139e38-ee29-4d59-b157-5e874d4420c4"/>
               <gfc:listedValue>
                  <gfc:FC_ListedValue>
                     <gfc:label>
                        <gco:CharacterString>G4000</gco:CharacterString>
                     </gfc:label>
                     <gfc:definition>
                        <gco:CharacterString>State or Equivalent feature</gco:CharacterString>
                     </gfc:definition>
                     <gfc:definitionReference xlink:title="U.S. Census Bureau"
                                              xlink:href="http://www.ngdc.noaa.gov/docucomp/eb139e38-ee29-4d59-b157-5e874d4420c4"/>
                  </gfc:FC_ListedValue>
               </gfc:listedValue>
            </gfc:FC_FeatureAttribute>
         </gfc:carrierOfCharacteristics>
         <gfc:carrierOfCharacteristics>
            <gfc:FC_FeatureAttribute>
               <gfc:memberName>
                  <gco:LocalName>FUNCSTAT</gco:LocalName>
               </gfc:memberName>
               <gfc:definition>
                  <gco:CharacterString>Current functional status</gco:CharacterString>
               </gfc:definition>
               <gfc:cardinality gco:nilReason="unknown"/>
               <gfc:definitionReference xlink:title="U.S. Census Bureau"
                                        xlink:href="http://www.ngdc.noaa.gov/docucomp/eb139e38-ee29-4d59-b157-5e874d4420c4"/>
               <gfc:listedValue>
                  <gfc:FC_ListedValue>
                     <gfc:label>
                        <gco:CharacterString>A</gco:CharacterString>
                     </gfc:label>
                     <gfc:definition>
                        <gco:CharacterString>Active government providing primary general-purpose functions</gco:CharacterString>
                     </gfc:definition>
                     <gfc:definitionReference xlink:title="U.S. Census Bureau"
                                              xlink:href="http://www.ngdc.noaa.gov/docucomp/eb139e38-ee29-4d59-b157-5e874d4420c4"/>
                  </gfc:FC_ListedValue>
               </gfc:listedValue>
            </gfc:FC_FeatureAttribute>
         </gfc:carrierOfCharacteristics>
         <gfc:carrierOfCharacteristics>
            <gfc:FC_FeatureAttribute>
               <gfc:memberName>
                  <gco:LocalName>ALAND</gco:LocalName>
               </gfc:memberName>
               <gfc:definition>
                  <gco:CharacterString>Current land area (square meters)</gco:CharacterString>
               </gfc:definition>
               <gfc:cardinality gco:nilReason="unknown"/>
               <gfc:definitionReference xlink:title="U.S. Census Bureau"
                                        xlink:href="http://www.ngdc.noaa.gov/docucomp/eb139e38-ee29-4d59-b157-5e874d4420c4"/>
               <gfc:listedValue>
                  <gfc:FC_ListedValue>
                     <gfc:label gco:nilReason="inapplicable"/>
                     <gfc:definition>
                        <gco:CharacterString> Range Domain Minimum: 0
                                              Range Domain Maximum: 9,999,999,999,999</gco:CharacterString>
                     </gfc:definition>
                  </gfc:FC_ListedValue>
               </gfc:listedValue>
            </gfc:FC_FeatureAttribute>
         </gfc:carrierOfCharacteristics>
         <gfc:carrierOfCharacteristics>
            <gfc:FC_FeatureAttribute>
               <gfc:memberName>
                  <gco:LocalName>AWATER</gco:LocalName>
               </gfc:memberName>
               <gfc:definition>
                  <gco:CharacterString>Current water area (square meters)</gco:CharacterString>
               </gfc:definition>
               <gfc:cardinality gco:nilReason="unknown"/>
               <gfc:definitionReference xlink:title="U.S. Census Bureau"
                                        xlink:href="http://www.ngdc.noaa.gov/docucomp/eb139e38-ee29-4d59-b157-5e874d4420c4"/>
               <gfc:listedValue>
                  <gfc:FC_ListedValue>
                     <gfc:label gco:nilReason="inapplicable"/>
                     <gfc:definition>
                        <gco:CharacterString> Range Domain Minimum: 0
                                              Range Domain Maximum: 9,999,999,999,999</gco:CharacterString>
                     </gfc:definition>
                  </gfc:FC_ListedValue>
               </gfc:listedValue>
            </gfc:FC_FeatureAttribute>
         </gfc:carrierOfCharacteristics>
         <gfc:carrierOfCharacteristics>
            <gfc:FC_FeatureAttribute>
               <gfc:memberName>
                  <gco:LocalName>INTPTLAT</gco:LocalName>
               </gfc:memberName>
               <gfc:definition>
                  <gco:CharacterString>Current latitude of the internal point</gco:CharacterString>
               </gfc:definition>
               <gfc:cardinality gco:nilReason="unknown"/>
               <gfc:definitionReference xlink:title="U.S. Census Bureau"
                                        xlink:href="http://www.ngdc.noaa.gov/docucomp/eb139e38-ee29-4d59-b157-5e874d4420c4"/>
               <gfc:listedValue>
                  <gfc:FC_ListedValue>
                     <gfc:label gco:nilReason="inapplicable"/>
                     <gfc:definition>
                        <gco:CharacterString> Range Domain Minimum: -90.000000
                                              Range Domain Maximum: 90.000000</gco:CharacterString>
                     </gfc:definition>
                  </gfc:FC_ListedValue>
               </gfc:listedValue>
            </gfc:FC_FeatureAttribute>
         </gfc:carrierOfCharacteristics>
         <gfc:carrierOfCharacteristics>
            <gfc:FC_FeatureAttribute>
               <gfc:memberName>
                  <gco:LocalName>INTPTLON</gco:LocalName>
               </gfc:memberName>
               <gfc:definition>
                  <gco:CharacterString>Current longitude of the internal point</gco:CharacterString>
               </gfc:definition>
               <gfc:cardinality gco:nilReason="unknown"/>
               <gfc:definitionReference xlink:title="U.S. Census Bureau"
                                        xlink:href="http://www.ngdc.noaa.gov/docucomp/eb139e38-ee29-4d59-b157-5e874d4420c4"/>
               <gfc:listedValue>
                  <gfc:FC_ListedValue>
                     <gfc:label gco:nilReason="inapplicable"/>
                     <gfc:definition>
                        <gco:CharacterString> Range Domain Minimum: -180.000000
                                              Range Domain Maximum: 180.000000</gco:CharacterString>
                     </gfc:definition>
                  </gfc:FC_ListedValue>
               </gfc:listedValue>
            </gfc:FC_FeatureAttribute>
         </gfc:carrierOfCharacteristics>
      </gfc:FC_FeatureType>
   </gfc:featureType>
</gfc:FC_FeatureCatalogue>