"","geoID","pop","cases","deaths"
"1",0,0,0,0
"2",0,0,0,154
"3",0,0,0,1
"4",0,0,0,18
"5",0,0,0,67
"6",0,0,0,5
"7",0,0,0,80
"8",0,0,0,2
"9",0,0,0,106
"10",0,0,0,29
"11",0,0,0,3
"12",0,0,1,0
"13",0,0,1,154
"14",0,0,1,1
"15",0,0,1,18
"16",0,0,1,67
"17",0,0,1,5
"18",0,0,1,80
"19",0,0,1,2
"20",0,0,1,106
"21",0,0,1,29
"22",0,0,1,3
"23",0,0,3,0
"24",0,0,3,154
"25",0,0,3,1
"26",0,0,3,18
"27",0,0,3,67
"28",0,0,3,5
"29",0,0,3,80
"30",0,0,3,2
"31",0,0,3,106
"32",0,0,3,29
"33",0,0,3,3
"34",0,0,1649,0
"35",0,0,1649,154
"36",0,0,1649,1
"37",0,0,1649,18
"38",0,0,1649,67
"39",0,0,1649,5
"40",0,0,1649,80
"41",0,0,1649,2
"42",0,0,1649,106
"43",0,0,1649,29
"44",0,0,1649,3
"45",0,0,20,0
"46",0,0,20,154
"47",0,0,20,1
"48",0,0,20,18
"49",0,0,20,67
"50",0,0,20,5
"51",0,0,20,80
"52",0,0,20,2
"53",0,0,20,106
"54",0,0,20,29
"55",0,0,20,3
"56",0,0,121,0
"57",0,0,121,154
"58",0,0,121,1
"59",0,0,121,18
"60",0,0,121,67
"61",0,0,121,5
"62",0,0,121,80
"63",0,0,121,2
"64",0,0,121,106
"65",0,0,121,29
"66",0,0,121,3
"67",0,0,476,0
"68",0,0,476,154
"69",0,0,476,1
"70",0,0,476,18
"71",0,0,476,67
"72",0,0,476,5
"73",0,0,476,80
"74",0,0,476,2
"75",0,0,476,106
"76",0,0,476,29
"77",0,0,476,3
"78",0,0,1592,0
"79",0,0,1592,154
"80",0,0,1592,1
"81",0,0,1592,18
"82",0,0,1592,67
"83",0,0,1592,5
"84",0,0,1592,80
"85",0,0,1592,2
"86",0,0,1592,106
"87",0,0,1592,29
"88",0,0,1592,3
"89",0,0,19361,0
"90",0,0,19361,154
"91",0,0,19361,1
"92",0,0,19361,18
"93",0,0,19361,67
"94",0,0,19361,5
"95",0,0,19361,80
"96",0,0,19361,2
"97",0,0,19361,106
"98",0,0,19361,29
"99",0,0,19361,3
"100",0,0,28,0
"101",0,0,28,154
"102",0,0,28,1
"103",0,0,28,18
"104",0,0,28,67
"105",0,0,28,5
"106",0,0,28,80
"107",0,0,28,2
"108",0,0,28,106
"109",0,0,28,29
"110",0,0,28,3
"111",0,0,45,0
"112",0,0,45,154
"113",0,0,45,1
"114",0,0,45,18
"115",0,0,45,67
"116",0,0,45,5
"117",0,0,45,80
"118",0,0,45,2
"119",0,0,45,106
"120",0,0,45,29
"121",0,0,45,3
"122",0,0,18,0
"123",0,0,18,154
"124",0,0,18,1
"125",0,0,18,18
"126",0,0,18,67
"127",0,0,18,5
"128",0,0,18,80
"129",0,0,18,2
"130",0,0,18,106
"131",0,0,18,29
"132",0,0,18,3
"133",0,0,190,0
"134",0,0,190,154
"135",0,0,190,1
"136",0,0,190,18
"137",0,0,190,67
"138",0,0,190,5
"139",0,0,190,80
"140",0,0,190,2
"141",0,0,190,106
"142",0,0,190,29
"143",0,0,190,3
"144",0,0,987,0
"145",0,0,987,154
"146",0,0,987,1
"147",0,0,987,18
"148",0,0,987,67
"149",0,0,987,5
"150",0,0,987,80
"151",0,0,987,2
"152",0,0,987,106
"153",0,0,987,29
"154",0,0,987,3
"155",0,0,5966,0
"156",0,0,5966,154
"157",0,0,5966,1
"158",0,0,5966,18
"159",0,0,5966,67
"160",0,0,5966,5
"161",0,0,5966,80
"162",0,0,5966,2
"163",0,0,5966,106
"164",0,0,5966,29
"165",0,0,5966,3
"166",0,0,187,0
"167",0,0,187,154
"168",0,0,187,1
"169",0,0,187,18
"170",0,0,187,67
"171",0,0,187,5
"172",0,0,187,80
"173",0,0,187,2
"174",0,0,187,106
"175",0,0,187,29
"176",0,0,187,3
"177",0,0,2,0
"178",0,0,2,154
"179",0,0,2,1
"180",0,0,2,18
"181",0,0,2,67
"182",0,0,2,5
"183",0,0,2,80
"184",0,0,2,2
"185",0,0,2,106
"186",0,0,2,29
"187",0,0,2,3
"188",0,0,316,0
"189",0,0,316,154
"190",0,0,316,1
"191",0,0,316,18
"192",0,0,316,67
"193",0,0,316,5
"194",0,0,316,80
"195",0,0,316,2
"196",0,0,316,106
"197",0,0,316,29
"198",0,0,316,3
"199",0,0,1361,0
"200",0,0,1361,154
"201",0,0,1361,1
"202",0,0,1361,18
"203",0,0,1361,67
"204",0,0,1361,5
"205",0,0,1361,80
"206",0,0,1361,2
"207",0,0,1361,106
"208",0,0,1361,29
"209",0,0,1361,3
"210",0,0,69,0
"211",0,0,69,154
"212",0,0,69,1
"213",0,0,69,18
"214",0,0,69,67
"215",0,0,69,5
"216",0,0,69,80
"217",0,0,69,2
"218",0,0,69,106
"219",0,0,69,29
"220",0,0,69,3
"221",0,0,1166,0
"222",0,0,1166,154
"223",0,0,1166,1
"224",0,0,1166,18
"225",0,0,1166,67
"226",0,0,1166,5
"227",0,0,1166,80
"228",0,0,1166,2
"229",0,0,1166,106
"230",0,0,1166,29
"231",0,0,1166,3
"232",0,0,70,0
"233",0,0,70,154
"234",0,0,70,1
"235",0,0,70,18
"236",0,0,70,67
"237",0,0,70,5
"238",0,0,70,80
"239",0,0,70,2
"240",0,0,70,106
"241",0,0,70,29
"242",0,0,70,3
"243",0,0,1002,0
"244",0,0,1002,154
"245",0,0,1002,1
"246",0,0,1002,18
"247",0,0,1002,67
"248",0,0,1002,5
"249",0,0,1002,80
"250",0,0,1002,2
"251",0,0,1002,106
"252",0,0,1002,29
"253",0,0,1002,3
"254",0,0,5614,0
"255",0,0,5614,154
"256",0,0,5614,1
"257",0,0,5614,18
"258",0,0,5614,67
"259",0,0,5614,5
"260",0,0,5614,80
"261",0,0,5614,2
"262",0,0,5614,106
"263",0,0,5614,29
"264",0,0,5614,3
"265",0,0,75,0
"266",0,0,75,154
"267",0,0,75,1
"268",0,0,75,18
"269",0,0,75,67
"270",0,0,75,5
"271",0,0,75,80
"272",0,0,75,2
"273",0,0,75,106
"274",0,0,75,29
"275",0,0,75,3
"276",0,0,8,0
"277",0,0,8,154
"278",0,0,8,1
"279",0,0,8,18
"280",0,0,8,67
"281",0,0,8,5
"282",0,0,8,80
"283",0,0,8,2
"284",0,0,8,106
"285",0,0,8,29
"286",0,0,8,3
"287",0,0,292,0
"288",0,0,292,154
"289",0,0,292,1
"290",0,0,292,18
"291",0,0,292,67
"292",0,0,292,5
"293",0,0,292,80
"294",0,0,292,2
"295",0,0,292,106
"296",0,0,292,29
"297",0,0,292,3
"298",1001,55869,1673,24
"299",1003,223234,5047,49
"300",1005,24686,830,7
"301",1007,22394,628,10
"302",1009,57826,1542,14
"303",1011,10101,585,14
"304",1013,19448,908,38
"305",1015,113605,3320,39
"306",1017,33254,1123,42
"307",1019,26196,555,16
"308",1021,44428,1471,27
"309",1023,12589,344,12
"310",1025,23622,1049,17
"311",1027,13235,536,7
"312",1029,14910,320,6
"313",1031,52342,1270,8
"314",1033,55241,1593,26
"315",1035,12067,523,11
"316",1037,10663,161,3
"317",1039,37049,1302,27
"318",1041,13772,522,31
"319",1043,83768,1830,17
"320",1045,49172,1327,43
"321",1047,37196,1736,26
"322",1049,71513,2346,19
"323",1051,81209,2519,47
"324",1053,36633,1557,25
"325",1055,102268,3334,47
"326",1057,16302,418,9
"327",1059,31362,1741,28
"328",1061,26271,563,4
"329",1063,8111,300,15
"330",1065,14651,612,28
"331",1067,17205,467,4
"332",1069,105882,2699,22
"333",1071,51626,1494,11
"334",1073,658573,18911,337
"335",1075,13805,345,2
"336",1077,92729,1641,33
"337",1079,32924,582,20
"338",1081,164542,5705,59
"339",1083,98915,1973,19
"340",1085,9726,645,27
"341",1087,18068,476,20
"342",1089,372909,7507,75
"343",1091,18863,699,19
"344",1093,29709,937,28
"345",1095,96774,3821,43
"346",1097,413210,13039,289
"347",1099,20733,575,8
"348",1101,226486,8628,173
"349",1103,119679,3181,26
"350",1105,8923,537,6
"351",1107,19930,631,14
"352",1109,33114,1151,9
"353",1111,22722,607,12
"354",1113,57961,1711,2
"355",1115,89512,2213,35
"356",1117,217702,5645,50
"357",1119,12427,418,19
"358",1121,79978,2050,26
"359",1123,40367,1131,83
"360",1125,209355,7180,114
"361",1127,63521,2207,80
"362",1129,16326,544,13
"363",1131,10373,530,11
"364",1133,23629,699,12
"365",2013,3337,2,0
"366",2016,5634,7,0
"367",2020,288000,3803,28
"368",2050,18386,90,1
"369",2060,836,0,0
"370",2068,2097,2,0
"371",2070,4916,7,0
"372",2090,96849,946,9
"373",2100,2530,5,0
"374",2105,2148,21,0
"375",2110,31974,262,1
"376",2122,58708,435,2
"377",2130,13901,49,0
"378",2150,12998,20,0
"379",2158,8314,11,0
"380",2164,1592,24,0
"381",2170,108317,575,2
"382",2180,10004,51,0
"383",2185,9832,83,0
"384",2188,7621,82,0
"385",2195,3266,7,1
"386",2198,6203,30,0
"387",2220,8493,42,0
"388",2230,1183,0,0
"389",2240,6893,22,0
"390",2261,9202,75,0
"391",2270,0,0,0
"392",2275,2502,13,0
"393",2282,579,0,0
"394",2290,5230,78,1
"395",4001,71887,3455,161
"396",4003,125922,1878,69
"397",4005,143476,3713,133
"398",4007,54018,1232,51
"399",4009,38837,788,24
"400",4011,9498,58,2
"401",4012,21108,533,15
"402",4013,4485414,139586,3259
"403",4015,212181,3895,222
"404",4017,110924,5744,231
"405",4019,1047279,24511,613
"406",4021,462789,10342,203
"407",4023,46498,2816,62
"408",4025,235099,2466,79
"409",4027,213787,12531,342
"410",5001,17486,348,4
"411",5003,19657,418,9
"412",5005,41932,266,1
"413",5007,279141,6172,79
"414",5009,37432,606,8
"415",5011,10763,334,7
"416",5013,5189,34,0
"417",5015,28380,604,9
"418",5017,10118,992,17
"419",5019,22320,307,4
"420",5021,14551,258,7
"421",5023,24919,311,8
"422",5025,7956,178,10
"423",5027,23457,374,18
"424",5029,20846,245,3
"425",5031,110332,2584,20
"426",5033,63257,1233,15
"427",5035,47955,1868,45
"428",5037,16419,402,7
"429",5039,7009,156,2
"430",5041,11361,278,5
"431",5043,18219,347,6
"432",5045,126007,2201,17
"433",5047,17715,233,2
"434",5049,12477,119,3
"435",5051,99386,1736,48
"436",5053,18265,245,2
"437",5055,45325,785,7
"438",5057,21532,355,4
"439",5059,33771,1831,25
"440",5061,13202,455,8
"441",5063,37825,1013,14
"442",5065,13629,147,0
"443",5067,16719,287,1
"444",5069,66824,2844,62
"445",5071,26578,815,5
"446",5073,6624,88,2
"447",5075,16406,359,11
"448",5077,8857,1044,18
"449",5079,13024,1917,15
"450",5081,12259,344,24
"451",5083,21466,389,1
"452",5085,73309,1027,10
"453",5087,16576,331,2
"454",5089,16694,75,0
"455",5091,43257,768,11
"456",5093,40651,1584,50
"457",5095,6701,114,0
"458",5097,8986,136,4
"459",5099,8252,201,13
"460",5101,7753,209,18
"461",5103,23382,243,6
"462",5105,10455,80,0
"463",5107,17782,453,11
"464",5109,10718,218,3
"465",5111,23528,603,9
"466",5113,19964,251,4
"467",5115,64072,2002,29
"468",5117,8062,136,1
"469",5119,391911,8556,136
"470",5121,17958,379,22
"471",5123,24994,1465,5
"472",5125,122437,1927,20
"473",5127,10281,95,1
"474",5129,7881,139,0
"475",5131,127827,3410,56
"476",5133,17007,1193,16
"477",5135,17442,188,6
"478",5137,12506,302,7
"479",5139,38682,839,31
"480",5141,16545,168,2
"481",5143,239187,8914,107
"482",5145,78753,714,19
"483",5147,6320,41,0
"484",5149,21341,1228,29
"485",6000,0,21,0
"486",6001,1671329,20494,374
"487",6003,1129,2,0
"488",6005,39752,249,16
"489",6007,219186,2688,35
"490",6009,45905,311,14
"491",6011,21547,509,6
"492",6013,1153526,15835,199
"493",6015,27812,136,1
"494",6017,192843,1064,4
"495",6019,999101,27560,355
"496",6021,28393,550,3
"497",6023,135558,482,6
"498",6025,181215,11558,314
"499",6027,18039,187,14
"500",6029,900202,31379,354
"501",6031,152940,7284,77
"502",6033,64386,433,10
"503",6035,30573,730,0
"504",6037,10039107,259817,6330
"505",6039,157327,4296,58
"506",6041,258826,6553,112
"507",6043,17203,75,2
"508",6045,86749,849,18
"509",6047,277680,8750,134
"510",6049,8841,12,0
"511",6051,14444,164,2
"512",6053,434061,9467,67
"513",6055,137744,1600,13
"514",6057,99755,506,6
"515",6059,3175692,51873,1127
"516",6061,398329,3428,41
"517",6063,18807,49,0
"518",6065,2470546,56681,1153
"519",6067,1552058,21171,375
"520",6069,62808,1290,11
"521",6071,2180085,52827,908
"522",6073,3338330,44293,760
"523",6075,881549,10696,97
"524",6077,762148,19793,414
"525",6079,283111,3360,27
"526",6081,766573,9522,143
"527",6083,446499,8846,110
"528",6085,1927852,20252,296
"529",6087,273213,2218,8
"530",6089,180080,668,14
"531",6091,3005,6,0
"532",6093,43539,161,0
"533",6095,447643,6085,55
"534",6097,494336,6987,114
"535",6099,550660,16289,332
"536",6101,96971,1642,10
"537",6103,65084,489,4
"538",6105,12285,15,0
"539",6107,466195,15599,256
"540",6109,54478,221,4
"541",6111,846006,11969,143
"542",6113,220500,2740,54
"543",6115,78668,1118,7
"544",8001,517421,8410,220
"545",8003,16233,241,9
"546",8005,656590,8802,369
"547",8007,14029,48,0
"548",8009,3581,17,0
"549",8011,5577,11,0
"550",8013,326196,3324,79
"551",8014,70465,593,33
"552",8015,20356,321,19
"553",8017,1831,13,0
"554",8019,9700,37,1
"555",8021,8205,31,0
"556",8023,3887,32,1
"557",8025,6061,73,1
"558",8027,5068,17,0
"559",8029,31162,185,3
"560",8031,727211,12313,430
"561",8033,2055,3,0
"562",8035,351154,2359,60
"563",8037,55127,1230,9
"564",8039,26729,146,3
"565",8041,720403,6642,167
"566",8043,47839,167,1
"567",8045,60061,925,5
"568",8047,6243,18,0
"569",8049,15734,71,1
"570",8051,17462,296,7
"571",8053,820,3,0
"572",8055,6897,13,1
"573",8057,1392,9,0
"574",8059,582881,5317,247
"575",8061,1406,0,0
"576",8063,7097,79,3
"577",8065,8127,90,0
"578",8067,56221,250,2
"579",8069,356899,2328,49
"580",8071,14506,21,0
"581",8073,5701,9,0
"582",8075,22409,828,5
"583",8077,154210,533,6
"584",8079,769,20,0
"585",8081,13283,38,1
"586",8083,26183,129,5
"587",8085,42758,368,13
"588",8087,29068,732,48
"589",8089,18278,91,6
"590",8091,4952,25,1
"591",8093,18845,50,1
"592",8095,4265,34,0
"593",8097,17767,219,2
"594",8099,12172,93,0
"595",8101,168424,1024,34
"596",8103,6324,24,0
"597",8105,11267,95,2
"598",8107,25638,143,8
"599",8109,6824,111,2
"600",8111,728,6,0
"601",8113,8179,95,0
"602",8115,2248,12,1
"603",8117,31011,417,4
"604",8119,25388,172,4
"605",8121,4908,57,0
"606",8123,324492,4492,149
"607",8125,10019,84,0
"608",9001,943332,19716,1420
"609",9003,891720,14253,1434
"610",9005,180333,1822,140
"611",9007,162436,1542,193
"612",9009,854757,14164,1111
"613",9011,265206,1717,114
"614",9013,150721,1293,65
"615",9015,116782,899,15
"616",10001,180786,2852,113
"617",10003,558753,9521,307
"618",10005,234225,6600,201
"619",11001,705749,14902,616
"620",12001,269043,7382,46
"621",12003,29210,1401,11
"622",12005,174705,5802,94
"623",12007,28201,1017,7
"624",12009,601942,8352,276
"625",12011,1952778,75499,1319
"626",12013,14105,607,10
"627",12015,188910,2943,131
"628",12017,149657,2606,84
"629",12019,219252,4765,91
"630",12021,384902,12423,202
"631",12023,71686,3627,50
"632",12027,38001,1545,23
"633",12029,16826,822,6
"634",12031,957755,29241,353
"635",12033,318316,12015,217
"636",12035,115081,1642,23
"637",12037,12125,592,3
"638",12039,45660,2693,44
"639",12041,18582,502,12
"640",12043,13811,497,4
"641",12045,13639,865,14
"642",12047,14428,826,8
"643",12049,26937,1274,10
"644",12051,42022,2043,42
"645",12053,193920,2999,112
"646",12055,106221,2068,81
"647",12057,1471968,40587,604
"648",12059,19617,727,5
"649",12061,159923,3072,109
"650",12063,46414,2706,76
"651",12065,14246,544,8
"652",12067,8422,1230,12
"653",12069,367118,7262,169
"654",12071,770577,19884,458
"655",12073,293582,9838,57
"656",12075,41503,1001,9
"657",12077,8354,490,7
"658",12079,18493,1001,18
"659",12081,403253,11158,277
"660",12083,365579,9401,259
"661",12085,161000,4722,132
"662",12086,2716940,166516,3055
"663",12087,74228,1804,22
"664",12089,88625,2010,37
"665",12091,210738,4733,100
"666",12093,42168,1443,23
"667",12095,1393452,38818,431
"668",12097,375751,12049,137
"669",12099,1496770,45156,1277
"670",12101,553947,8816,199
"671",12103,974996,21440,721
"672",12105,724777,19035,507
"673",12107,74521,2042,38
"674",12109,264672,5070,66
"675",12111,328297,7787,263
"676",12113,184313,5200,69
"677",12115,433742,7848,246
"678",12117,471826,8794,200
"679",12119,132420,2154,65
"680",12121,44417,2595,65
"681",12123,21569,1286,12
"682",12125,15237,874,12
"683",12127,553284,10495,218
"684",12129,33739,1079,9
"685",12131,74071,1870,22
"686",12133,25473,1056,18
"687",13001,18386,1001,26
"688",13003,8165,435,3
"689",13005,11164,589,10
"690",13007,3038,78,3
"691",13009,44890,2048,55
"692",13011,19234,467,7
"693",13013,83240,2079,46
"694",13015,107738,2790,82
"695",13017,16700,736,20
"696",13019,19397,438,11
"697",13021,153159,5941,157
"698",13023,12873,425,19
"699",13025,19109,341,10
"700",13027,15457,510,27
"701",13029,39627,1055,11
"702",13031,79608,2758,25
"703",13033,22383,760,9
"704",13035,24936,625,42
"705",13037,6189,233,7
"706",13039,54666,1227,7
"707",13043,10803,412,17
"708",13045,119992,2624,63
"709",13047,67580,1096,17
"710",13049,13392,610,6
"711",13051,289430,8074,146
"712",13053,10907,1622,1
"713",13055,24789,714,12
"714",13057,258773,5738,91
"715",13059,128331,4855,41
"716",13061,2834,120,2
"717",13063,292256,7010,158
"718",13065,6618,362,6
"719",13067,760141,19000,421
"720",13069,43273,1976,43
"721",13071,45600,1905,33
"722",13073,156714,3617,57
"723",13075,17270,540,12
"724",13077,148509,2499,41
"725",13079,12404,165,4
"726",13081,22372,529,17
"727",13083,16116,271,5
"728",13085,26108,790,6
"729",13087,26404,1100,27
"730",13089,759297,18006,349
"731",13091,20605,392,11
"732",13093,13390,322,14
"733",13095,87956,3122,182
"734",13097,146343,3432,70
"735",13099,10190,465,32
"736",13101,4006,239,2
"737",13103,64296,1365,23
"738",13105,19194,594,3
"739",13107,22646,978,29
"740",13109,10654,412,6
"741",13111,26188,594,12
"742",13113,114421,1734,49
"743",13115,98498,2963,40
"744",13117,244252,3705,42
"745",13119,23349,709,11
"746",13121,1063937,26910,564
"747",13123,31369,792,11
"748",13125,2971,37,2
"749",13127,85292,3408,94
"750",13129,57963,1778,36
"751",13131,24633,749,21
"752",13133,18324,492,23
"753",13135,936250,26550,391
"754",13137,45328,1553,66
"755",13139,204441,8757,143
"756",13141,8457,386,41
"757",13143,29792,433,8
"758",13145,35236,774,21
"759",13147,26205,483,13
"760",13149,11923,189,5
"761",13151,234561,4947,98
"762",13153,157863,3027,77
"763",13155,9416,283,4
"764",13157,72977,1874,30
"765",13159,14219,209,4
"766",13161,15115,702,19
"767",13163,15362,767,23
"768",13165,8676,396,29
"769",13167,9643,410,22
"770",13169,28735,528,8
"771",13171,19077,350,17
"772",13173,10423,292,5
"773",13175,47546,1578,62
"774",13177,29992,690,25
"775",13179,61435,1060,22
"776",13181,7921,207,7
"777",13183,19559,230,3
"778",13185,117406,3803,76
"779",13187,33610,872,14
"780",13189,21312,579,13
"781",13191,14378,282,7
"782",13193,12947,227,10
"783",13195,29880,659,8
"784",13197,8359,185,8
"785",13199,21167,532,12
"786",13201,5718,241,1
"787",13205,21863,775,45
"788",13207,27578,656,48
"789",13209,9172,291,5
"790",13211,19276,468,2
"791",13213,40096,793,5
"792",13215,195769,5849,162
"793",13217,111744,2519,80
"794",13219,40280,706,26
"795",13221,15259,314,11
"796",13223,168667,2707,49
"797",13225,27546,655,21
"798",13227,32591,600,10
"799",13229,19465,589,17
"800",13231,18962,311,9
"801",13233,42613,1396,17
"802",13235,11137,310,13
"803",13237,22119,674,23
"804",13239,2299,31,1
"805",13241,17137,316,7
"806",13243,6778,331,28
"807",13245,202518,6834,152
"808",13247,90896,1806,35
"809",13249,5257,104,2
"810",13251,13966,372,9
"811",13253,8090,343,9
"812",13255,66703,1278,56
"813",13257,25925,992,33
"814",13259,6621,462,13
"815",13261,29524,918,60
"816",13263,6195,158,5
"817",13265,1537,21,0
"818",13267,25286,779,9
"819",13269,8020,204,9
"820",13271,15860,377,17
"821",13273,8531,326,31
"822",13275,44451,1471,58
"823",13277,40644,1688,56
"824",13279,26830,1277,43
"825",13281,12037,297,8
"826",13283,6901,244,8
"827",13285,69922,2752,93
"828",13287,7985,292,22
"829",13289,8120,183,7
"830",13291,24511,660,17
"831",13293,26320,749,59
"832",13295,69761,1426,29
"833",13297,94593,1733,52
"834",13299,35734,1461,53
"835",13301,5254,131,5
"836",13303,20374,650,8
"837",13305,29927,1087,27
"838",13307,2607,43,2
"839",13309,7855,322,11
"840",13311,30798,721,17
"841",13313,104628,4436,60
"842",13315,8635,243,20
"843",13317,9777,259,4
"844",13319,8954,332,17
"845",13321,20247,520,29
"846",15001,201513,639,15
"847",15003,974563,10218,95
"848",15005,86,0,0
"849",15007,72293,57,0
"850",15009,167417,384,9
"851",16001,481587,12321,144
"852",16003,4294,28,1
"853",16005,87808,870,4
"854",16007,6125,32,0
"855",16009,9298,136,3
"856",16011,46811,718,10
"857",16013,23021,630,6
"858",16015,7831,66,1
"859",16017,45739,283,0
"860",16019,119062,2417,15
"861",16021,12245,56,1
"862",16023,2597,26,0
"863",16025,1106,20,0
"864",16027,229849,7873,99
"865",16029,7155,94,0
"866",16031,24030,632,5
"867",16033,845,31,0
"868",16035,8756,30,0
"869",16037,4315,57,0
"870",16039,27511,318,3
"871",16041,13876,79,0
"872",16043,13099,156,3
"873",16045,18112,270,2
"874",16047,15179,263,1
"875",16049,16667,88,0
"876",16051,29871,471,1
"877",16053,24412,721,7
"878",16055,165697,2474,33
"879",16057,40108,310,0
"880",16059,8027,73,0
"881",16061,3838,12,0
"882",16063,5366,87,0
"883",16065,39907,462,1
"884",16067,21039,617,7
"885",16069,40408,390,24
"886",16071,4531,23,0
"887",16073,11823,323,5
"888",16075,23951,805,6
"889",16077,7681,194,0
"890",16079,12882,212,18
"891",16081,12142,142,0
"892",16083,86878,2020,35
"893",16085,11392,86,1
"894",16087,10194,328,4
"895",17001,65435,971,10
"896",17003,5761,69,1
"897",17005,16426,286,4
"898",17007,53544,1012,23
"899",17009,6578,36,0
"900",17011,32628,567,11
"901",17013,4739,35,0
"902",17015,14305,204,4
"903",17017,12147,380,11
"904",17019,209689,4320,20
"905",17021,32304,427,10
"906",17023,15441,146,2
"907",17025,13184,138,0
"908",17027,37562,1051,20
"909",17029,50621,1342,28
"910",17031,5150233,138576,5157
"911",17033,18667,348,1
"912",17035,10766,193,4
"913",17037,104897,1424,38
"914",17039,15638,97,1
"915",17041,19465,273,5
"916",17043,922921,16622,550
"917",17045,17161,109,7
"918",17047,6395,60,0
"919",17049,34008,809,1
"920",17051,21336,306,3
"921",17053,12961,94,4
"922",17055,38469,477,2
"923",17057,34340,144,0
"924",17059,4828,68,2
"925",17061,12969,207,5
"926",17063,51054,625,5
"927",17065,8116,65,0
"928",17067,17708,183,3
"929",17069,3821,34,0
"930",17071,6646,62,0
"931",17073,48913,614,5
"932",17075,27114,348,19
"933",17077,56750,1225,24
"934",17079,9610,192,9
"935",17081,37684,555,37
"936",17083,21773,378,13
"937",17085,21235,235,2
"938",17087,12417,144,0
"939",17089,532403,12554,325
"940",17091,109862,2631,76
"941",17093,128990,1879,25
"942",17095,49699,581,3
"943",17097,696535,16285,484
"944",17099,108669,1590,55
"945",17101,15678,242,2
"946",17103,34096,325,1
"947",17105,35648,312,5
"948",17107,28618,428,1
"949",17109,29682,444,15
"950",17111,307774,4385,118
"951",17113,171517,3120,19
"952",17115,104009,1358,36
"953",17117,44926,486,7
"954",17119,262966,5291,130
"955",17121,37205,491,0
"956",17123,11438,92,0
"957",17125,13359,122,1
"958",17127,13772,93,2
"959",17129,12196,115,0
"960",17131,15437,127,5
"961",17133,34637,625,15
"962",17135,28414,318,13
"963",17137,33658,612,21
"964",17139,14501,207,3
"965",17141,50643,619,6
"966",17143,179179,3174,48
"967",17145,20916,332,14
"968",17147,16344,129,0
"969",17149,15561,108,1
"970",17151,4177,26,1
"971",17153,5335,156,1
"972",17155,5739,42,0
"973",17157,31782,911,11
"974",17159,15513,144,4
"975",17161,141879,2771,71
"976",17163,259686,6239,183
"977",17165,23491,245,3
"978",17167,194672,2222,44
"979",17169,6768,44,0
"980",17171,4951,67,0
"981",17173,21634,345,4
"982",17175,5342,50,2
"983",17177,44498,461,6
"984",17179,131803,1538,18
"985",17181,16653,495,24
"986",17183,75758,588,4
"987",17185,11520,137,1
"988",17187,16844,300,2
"989",17189,13887,189,1
"990",17191,16215,240,5
"991",17193,13537,156,0
"992",17195,55175,676,19
"993",17197,690743,13330,372
"994",17199,66597,1296,34
"995",17201,282572,5218,149
"996",17203,38459,386,5
"997",18001,35777,440,4
"998",18003,379299,5949,210
"999",18005,83779,1160,61
"1000",18007,8748,88,0
"1001",18009,11758,122,2
"1002",18011,67843,964,49
"1003",18013,15092,101,3
"1004",18015,20257,269,13
"1005",18017,37689,1930,10
"1006",18019,118302,2117,63
"1007",18021,26225,292,5
"1008",18023,32399,595,16
"1009",18025,10577,103,1
"1010",18027,33351,641,29
"1011",18029,49458,628,30
"1012",18031,26559,479,42
"1013",18033,43475,444,12
"1014",18035,114135,1847,62
"1015",18037,42736,940,18
"1016",18039,206341,6415,112
"1017",18041,23102,526,13
"1018",18043,78522,1306,64
"1019",18045,16346,116,2
"1020",18047,22758,303,26
"1021",18049,19974,232,2
"1022",18051,33659,466,4
"1023",18053,65769,1209,36
"1024",18055,31922,420,38
"1025",18057,338011,4678,118
"1026",18059,78168,915,45
"1027",18061,40515,559,26
"1028",18063,170311,2674,138
"1029",18065,47972,766,24
"1030",18067,82544,1278,66
"1031",18069,36520,220,3
"1032",18071,44231,735,10
"1033",18073,33562,382,3
"1034",18075,20436,174,0
"1035",18077,32308,241,3
"1036",18079,27735,311,14
"1037",18081,158167,2289,131
"1038",18083,36594,477,9
"1039",18085,79456,1206,19
"1040",18087,39614,631,11
"1041",18089,485493,10232,335
"1042",18091,109888,1360,37
"1043",18093,45370,502,30
"1044",18095,129569,1581,86
"1045",18097,964582,20814,809
"1046",18099,46258,980,24
"1047",18101,10255,160,0
"1048",18103,35516,426,3
"1049",18105,148431,2373,40
"1050",18107,38338,504,22
"1051",18109,70489,707,41
"1052",18111,13984,171,12
"1053",18113,47744,880,33
"1054",18115,5875,76,7
"1055",18117,19646,284,26
"1056",18119,20799,165,2
"1057",18121,16937,99,1
"1058",18123,19169,213,14
"1059",18125,12389,136,1
"1060",18127,170389,2044,46
"1061",18129,25427,294,0
"1062",18131,12353,115,1
"1063",18133,37576,525,9
"1064",18135,24665,241,7
"1065",18137,28324,278,8
"1066",18139,16581,192,4
"1067",18141,271826,6025,103
"1068",18143,23873,359,12
"1069",18145,44729,1138,37
"1070",18147,20277,218,3
"1071",18149,22995,250,8
"1072",18151,34594,365,7
"1073",18153,20669,332,12
"1074",18155,10751,70,0
"1075",18157,195732,2187,14
"1076",18159,15148,219,25
"1077",18161,7054,101,0
"1078",18163,181451,3274,29
"1079",18165,15498,126,0
"1080",18167,107038,1761,23
"1081",18169,30996,264,8
"1082",18171,8265,41,1
"1083",18173,62998,1121,37
"1084",18175,28036,257,1
"1085",18177,65884,1094,14
"1086",18179,28296,264,2
"1087",18181,24102,478,14
"1088",18183,33964,247,6
"1089",19001,7152,62,1
"1090",19003,3602,27,0
"1091",19005,13687,238,5
"1092",19007,12426,119,3
"1093",19009,5496,56,1
"1094",19011,25645,278,1
"1095",19013,131228,4321,86
"1096",19015,26234,455,7
"1097",19017,25062,459,7
"1098",19019,21175,230,1
"1099",19021,19620,1935,12
"1100",19023,14439,257,2
"1101",19025,9668,167,2
"1102",19027,20165,627,5
"1103",19029,12836,128,2
"1104",19031,18627,217,1
"1105",19033,42450,986,21
"1106",19035,11235,180,2
"1107",19037,11933,203,0
"1108",19039,9395,254,3
"1109",19041,16016,280,3
"1110",19043,17549,228,3
"1111",19045,46429,1050,18
"1112",19047,16820,985,4
"1113",19049,93453,2665,38
"1114",19051,9000,113,4
"1115",19053,7870,58,0
"1116",19055,17011,319,3
"1117",19057,38967,734,7
"1118",19059,17258,480,6
"1119",19061,97311,2687,40
"1120",19063,9208,250,10
"1121",19065,19650,180,1
"1122",19067,15642,291,3
"1123",19069,10070,331,17
"1124",19071,6960,80,0
"1125",19073,8888,83,0
"1126",19075,12232,201,2
"1127",19077,10689,213,5
"1128",19079,14773,314,3
"1129",19081,10630,171,2
"1130",19083,16846,273,1
"1131",19085,14049,169,2
"1132",19087,19954,597,4
"1133",19089,9158,180,5
"1134",19091,9558,170,3
"1135",19093,6860,86,0
"1136",19095,16184,179,1
"1137",19097,19439,295,3
"1138",19099,37185,748,32
"1139",19101,18295,132,1
"1140",19103,151140,4967,27
"1141",19105,20681,239,3
"1142",19107,10246,89,1
"1143",19109,14813,211,0
"1144",19111,33657,588,7
"1145",19113,226706,3726,105
"1146",19115,11035,421,15
"1147",19117,8600,138,6
"1148",19119,11755,233,3
"1149",19121,16338,200,2
"1150",19123,22095,330,19
"1151",19125,33253,702,4
"1152",19127,39369,1758,34
"1153",19129,15109,164,1
"1154",19131,10586,175,0
"1155",19133,8615,130,1
"1156",19135,7707,144,10
"1157",19137,9917,85,5
"1158",19139,42664,1057,52
"1159",19141,13753,292,9
"1160",19143,5958,122,0
"1161",19145,15107,142,0
"1162",19147,8886,156,0
"1163",19149,25177,1019,20
"1164",19151,6619,150,2
"1165",19153,490161,15162,256
"1166",19155,93206,1953,37
"1167",19157,18504,239,8
"1168",19159,4894,41,2
"1169",19161,9721,203,0
"1170",19163,172943,2726,27
"1171",19165,11454,241,1
"1172",19167,34855,1295,3
"1173",19169,97117,3265,17
"1174",19171,16854,685,31
"1175",19173,6121,119,1
"1176",19175,12241,120,3
"1177",19177,7044,109,1
"1178",19179,34969,1243,57
"1179",19181,51466,925,6
"1180",19183,21965,429,11
"1181",19185,6441,79,2
"1182",19187,35904,1185,14
"1183",19189,10354,265,11
"1184",19191,19991,283,5
"1185",19193,103107,4906,61
"1186",19195,7381,101,0
"1187",19197,12562,557,1
"1188",20001,12369,42,0
"1189",20003,7858,60,0
"1190",20005,16073,254,1
"1191",20007,4427,5,0
"1192",20009,25779,427,5
"1193",20011,14534,145,2
"1194",20013,9564,91,3
"1195",20015,66911,861,3
"1196",20017,2648,78,1
"1197",20019,3250,16,0
"1198",20021,19939,433,8
"1199",20023,2657,24,0
"1200",20025,1994,50,1
"1201",20027,8002,43,2
"1202",20029,8786,64,1
"1203",20031,8179,109,8
"1204",20033,1700,10,0
"1205",20035,34908,327,3
"1206",20037,38818,948,6
"1207",20039,2827,9,0
"1208",20041,18466,104,1
"1209",20043,7600,91,0
"1210",20045,122259,1996,10
"1211",20047,2798,44,0
"1212",20049,2530,4,0
"1213",20051,28553,796,3
"1214",20053,6102,26,0
"1215",20055,36467,1893,12
"1216",20057,33619,2627,10
"1217",20059,25544,301,3
"1218",20061,31670,388,2
"1219",20063,2636,24,0
"1220",20065,2482,30,1
"1221",20067,7150,180,3
"1222",20069,5988,105,0
"1223",20071,1232,6,0
"1224",20073,5982,44,0
"1225",20075,2539,44,0
"1226",20077,5436,119,2
"1227",20079,34429,335,5
"1228",20081,3968,83,0
"1229",20083,1794,18,0
"1230",20085,13171,231,1
"1231",20087,19043,171,2
"1232",20089,2879,15,1
"1233",20091,602401,10178,141
"1234",20093,3838,81,1
"1235",20095,7152,69,0
"1236",20097,2475,19,0
"1237",20099,19618,226,3
"1238",20101,1535,12,0
"1239",20103,81758,1924,10
"1240",20105,2962,12,0
"1241",20107,9703,70,0
"1242",20109,2794,8,0
"1243",20111,33195,1012,27
"1244",20113,28542,252,1
"1245",20115,11884,86,1
"1246",20117,9707,19,0
"1247",20119,4033,103,1
"1248",20121,34237,327,1
"1249",20123,5979,43,0
"1250",20125,31829,335,5
"1251",20127,5620,29,0
"1252",20129,2587,13,2
"1253",20131,10231,81,1
"1254",20133,16007,131,0
"1255",20135,2750,62,1
"1256",20137,5361,28,0
"1257",20139,15949,92,0
"1258",20141,3421,6,0
"1259",20143,5704,48,0
"1260",20145,6414,312,0
"1261",20147,5234,86,8
"1262",20149,24383,209,0
"1263",20151,9164,64,0
"1264",20153,2530,10,0
"1265",20155,61998,981,3
"1266",20157,4636,42,1
"1267",20159,9537,66,1
"1268",20161,74232,1262,8
"1269",20163,4920,50,0
"1270",20165,3036,43,0
"1271",20167,6856,62,0
"1272",20169,54224,632,9
"1273",20171,4823,91,1
"1274",20173,516042,8270,81
"1275",20175,21428,1552,5
"1276",20177,176875,2563,27
"1277",20179,2521,12,0
"1278",20181,5917,24,0
"1279",20183,3583,5,0
"1280",20185,4156,51,1
"1281",20187,2006,49,2
"1282",20189,5485,97,0
"1283",20191,22836,171,3
"1284",20193,7777,97,0
"1285",20195,2803,30,1
"1286",20197,6931,66,1
"1287",20199,1518,16,0
"1288",20201,5406,15,0
"1289",20203,2119,5,0
"1290",20205,8525,58,0
"1291",20207,3138,17,0
"1292",20209,165429,6739,133
"1293",21001,19202,294,19
"1294",21003,21315,300,9
"1295",21005,22747,143,1
"1296",21007,7888,52,1
"1297",21009,44249,637,13
"1298",21011,12500,79,1
"1299",21013,26032,470,12
"1300",21015,133581,1496,25
"1301",21017,19788,166,1
"1302",21019,46718,390,5
"1303",21021,30060,250,0
"1304",21023,8303,39,0
"1305",21025,12630,82,0
"1306",21027,20477,124,2
"1307",21029,81676,804,9
"1308",21031,12879,333,16
"1309",21033,12747,137,0
"1310",21035,39001,517,8
"1311",21037,93584,825,16
"1312",21039,4760,74,1
"1313",21041,10631,195,5
"1314",21043,26797,155,3
"1315",21045,16159,266,15
"1316",21047,70461,1107,18
"1317",21049,36263,298,8
"1318",21051,19901,289,6
"1319",21053,10218,101,2
"1320",21055,8806,118,1
"1321",21057,6614,97,0
"1322",21059,101511,1266,14
"1323",21061,12150,130,12
"1324",21063,7517,35,0
"1325",21065,14106,125,0
"1326",21067,323152,5378,68
"1327",21069,14581,82,0
"1328",21071,35589,170,2
"1329",21073,50991,594,11
"1330",21075,5969,139,2
"1331",21077,8869,96,8
"1332",21079,17666,147,3
"1333",21081,25069,153,6
"1334",21083,37266,707,29
"1335",21085,26427,364,13
"1336",21087,10941,250,8
"1337",21089,35098,352,4
"1338",21091,8722,73,0
"1339",21093,110958,1197,10
"1340",21095,26010,366,10
"1341",21097,18886,167,0
"1342",21099,19035,162,1
"1343",21101,45210,648,3
"1344",21103,16126,186,2
"1345",21105,4380,74,0
"1346",21107,44686,594,39
"1347",21109,13329,343,17
"1348",21111,766757,14424,296
"1349",21113,54115,571,0
"1350",21115,22188,145,1
"1351",21117,166998,1939,45
"1352",21119,14806,139,1
"1353",21121,31145,440,9
"1354",21123,14398,112,1
"1355",21125,60813,761,6
"1356",21127,15317,54,0
"1357",21129,7403,18,0
"1358",21131,9877,53,0
"1359",21133,21553,116,2
"1360",21135,13275,217,14
"1361",21137,24549,179,13
"1362",21139,9194,81,1
"1363",21141,27102,545,27
"1364",21143,8210,66,4
"1365",21145,65418,682,6
"1366",21147,17231,140,0
"1367",21149,9207,72,1
"1368",21151,92987,1601,6
"1369",21153,12161,79,0
"1370",21155,19273,215,7
"1371",21157,31100,260,2
"1372",21159,11195,74,3
"1373",21161,17070,120,2
"1374",21163,28572,188,3
"1375",21165,6489,42,0
"1376",21167,21933,193,2
"1377",21169,10071,106,2
"1378",21171,10650,200,4
"1379",21173,28157,237,3
"1380",21175,13309,52,0
"1381",21177,30622,732,12
"1382",21179,46233,473,4
"1383",21181,7269,29,1
"1384",21183,23994,438,9
"1385",21185,66799,1059,25
"1386",21187,10901,91,2
"1387",21189,4415,37,1
"1388",21191,14590,92,0
"1389",21193,25758,326,8
"1390",21195,57876,381,3
"1391",21197,12359,90,0
"1392",21199,64979,728,10
"1393",21201,2108,12,0
"1394",21203,16695,159,1
"1395",21205,24460,203,1
"1396",21207,17923,238,6
"1397",21209,57004,715,9
"1398",21211,49024,1026,24
"1399",21213,18572,264,8
"1400",21215,19351,197,0
"1401",21217,25769,281,6
"1402",21219,12294,178,8
"1403",21221,14651,161,0
"1404",21223,8471,57,0
"1405",21225,14381,285,2
"1406",21227,132896,4125,41
"1407",21229,12095,141,1
"1408",21231,20333,125,0
"1409",21233,12942,147,3
"1410",21235,36264,277,2
"1411",21237,7157,30,0
"1412",21239,26734,252,0
"1413",22001,62045,2917,96
"1414",22003,25627,1530,45
"1415",22005,126604,3657,96
"1416",22007,21891,740,24
"1417",22009,40144,1461,53
"1418",22011,37497,980,37
"1419",22013,13241,452,32
"1420",22015,127039,3068,104
"1421",22017,240204,8188,342
"1422",22019,203436,7708,207
"1423",22021,9918,298,3
"1424",22023,6973,220,2
"1425",22025,9494,426,10
"1426",22027,15670,485,19
"1427",22029,19259,499,12
"1428",22031,27463,876,35
"1429",22033,440059,14813,436
"1430",22035,6861,541,4
"1431",22037,19135,1713,66
"1432",22039,33395,1288,31
"1433",22041,20015,1179,35
"1434",22043,22389,479,30
"1435",22045,69830,2868,89
"1436",22047,32511,1403,58
"1437",22049,15744,611,22
"1438",22051,432493,17198,564
"1439",22053,31368,1219,38
"1440",22055,244390,8778,122
"1441",22057,97614,3523,119
"1442",22059,14892,417,7
"1443",22061,46742,1097,47
"1444",22063,140789,3677,73
"1445",22065,10951,861,8
"1446",22067,24874,743,20
"1447",22069,38158,1071,25
"1448",22071,390144,12287,585
"1449",22073,153279,6010,139
"1450",22075,23197,661,19
"1451",22077,21730,1037,40
"1452",22079,129648,4067,144
"1453",22081,8442,351,21
"1454",22083,20122,746,10
"1455",22085,23884,825,13
"1456",22087,47244,1350,28
"1457",22089,53100,1756,58
"1458",22091,10132,399,4
"1459",22093,21096,792,40
"1460",22095,42837,1574,98
"1461",22097,82124,3248,124
"1462",22099,53431,2062,60
"1463",22101,49348,1865,76
"1464",22103,260419,6779,250
"1465",22105,134758,4365,116
"1466",22107,4334,158,2
"1467",22109,110461,3566,109
"1468",22111,22108,940,42
"1469",22113,59511,1991,57
"1470",22115,47429,1024,46
"1471",22117,46194,1587,65
"1472",22119,38340,1174,22
"1473",22121,26465,878,41
"1474",22123,10830,336,9
"1475",22125,15568,678,25
"1476",22127,13904,603,18
"1477",23001,108277,674,10
"1478",23003,67055,41,1
"1479",23005,295003,2273,70
"1480",23007,30199,58,1
"1481",23009,54987,53,1
"1482",23011,122302,205,11
"1483",23013,39772,35,1
"1484",23015,34634,39,1
"1485",23017,57975,114,0
"1486",23019,152148,252,6
"1487",23021,16785,8,0
"1488",23023,35856,64,0
"1489",23025,50484,85,8
"1490",23027,39715,73,14
"1491",23029,31379,15,0
"1492",23031,207641,1045,15
"1493",24001,70416,443,22
"1494",24003,579234,9559,244
"1495",24005,827370,17365,617
"1496",24009,92525,905,28
"1497",24011,33406,632,4
"1498",24013,168447,1900,124
"1499",24015,102855,985,33
"1500",24017,163257,2686,98
"1501",24019,31929,568,10
"1502",24021,259547,3896,129
"1503",24023,29014,72,1
"1504",24025,255441,2915,76
"1505",24027,325690,4912,120
"1506",24029,19422,295,24
"1507",24031,1050688,21760,837
"1508",24033,909327,28495,816
"1509",24035,50381,634,26
"1510",24037,113510,1248,57
"1511",24039,25616,244,4
"1512",24041,37181,528,5
"1513",24043,151049,1627,36
"1514",24045,103609,1879,48
"1515",24047,52276,992,26
"1516",24510,593490,15204,480
"1517",25001,212990,1935,172
"1518",25003,124944,742,49
"1519",25005,565217,10386,683
"1520",25007,17332,78,0
"1521",25009,789034,19846,1266
"1522",25011,70180,443,67
"1523",25013,466372,8277,771
"1524",25015,160830,1325,141
"1525",25017,1611699,28972,2120
"1526",25019,11399,91,1
"1527",25021,706775,11502,1046
"1528",25023,521202,10052,760
"1529",25025,803907,24857,1128
"1530",25027,830622,14747,1086
"1531",26001,10405,41,2
"1532",26003,9108,17,0
"1533",26005,118081,729,7
"1534",26007,28405,139,14
"1535",26009,23324,66,0
"1536",26011,14883,69,3
"1537",26013,8209,13,0
"1538",26015,61550,272,2
"1539",26017,103126,956,48
"1540",26019,17766,69,2
"1541",26021,153401,1784,72
"1542",26023,43517,568,4
"1543",26025,134159,1222,44
"1544",26027,51787,514,16
"1545",26029,26143,94,3
"1546",26031,25276,88,2
"1547",26033,37349,75,0
"1548",26035,30950,108,4
"1549",26037,79595,620,13
"1550",26039,14029,118,5
"1551",26041,35784,261,5
"1552",26043,25239,97,2
"1553",26045,110268,610,10
"1554",26047,33415,152,4
"1555",26049,405813,4267,306
"1556",26051,25449,91,2
"1557",26053,13975,153,1
"1558",26055,93088,455,7
"1559",26057,40711,244,15
"1560",26059,45605,325,27
"1561",26061,35684,300,1
"1562",26063,30981,214,5
"1563",26065,292406,3158,45
"1564",26067,64697,349,7
"1565",26069,25127,190,12
"1566",26071,11066,66,1
"1567",26073,69872,652,12
"1568",26075,158510,980,44
"1569",26077,265066,2580,91
"1570",26079,18038,79,4
"1571",26081,656955,9342,174
"1572",26083,2116,7,0
"1573",26085,11853,32,0
"1574",26087,87607,580,36
"1575",26089,21761,108,1
"1576",26091,98451,779,16
"1577",26093,191995,1312,30
"1578",26095,6229,12,0
"1579",26097,10799,54,0
"1580",26099,873972,13971,1009
"1581",26101,24558,69,2
"1582",26103,66699,315,12
"1583",26105,29144,133,0
"1584",26107,43453,186,3
"1585",26109,22780,302,1
"1586",26111,83156,553,11
"1587",26113,15118,58,1
"1588",26115,150500,1458,28
"1589",26117,63888,289,5
"1590",26119,9328,14,0
"1591",26121,173566,1444,69
"1592",26123,48980,317,1
"1593",26125,1257584,19884,1193
"1594",26127,26467,513,6
"1595",26129,20997,61,5
"1596",26131,5720,42,0
"1597",26133,23460,89,0
"1598",26135,8241,30,1
"1599",26137,24668,168,11
"1600",26139,291830,3146,65
"1601",26141,12592,26,1
"1602",26143,24019,88,4
"1603",26145,190539,2863,138
"1604",26147,159128,977,53
"1605",26149,60964,726,11
"1606",26151,41170,144,7
"1607",26153,8094,21,0
"1608",26155,68122,491,31
"1609",26157,52245,488,31
"1610",26159,75677,738,17
"1611",26161,367601,3305,115
"1612",26163,1749343,34082,2955
"1613",26165,33631,119,4
"1614",27001,15886,70,1
"1615",27003,356921,5664,132
"1616",27005,34423,242,2
"1617",27007,47188,371,4
"1618",27009,40889,500,3
"1619",27011,4991,66,0
"1620",27013,67653,1578,6
"1621",27015,25008,168,2
"1622",27017,35871,235,1
"1623",27019,105089,1330,7
"1624",27021,29779,123,3
"1625",27023,11800,189,1
"1626",27025,56579,433,1
"1627",27027,64222,1232,40
"1628",27029,8818,25,0
"1629",27031,5463,6,0
"1630",27033,11196,216,0
"1631",27035,65055,419,18
"1632",27037,429021,7048,125
"1633",27039,20934,190,0
"1634",27041,38141,236,1
"1635",27043,13653,130,0
"1636",27045,21067,105,0
"1637",27047,30281,511,3
"1638",27049,46340,324,9
"1639",27051,5972,57,4
"1640",27053,1265843,25628,921
"1641",27055,18600,107,0
"1642",27057,21491,76,0
"1643",27059,40596,244,0
"1644",27061,45130,271,13
"1645",27063,9846,128,1
"1646",27065,16337,103,8
"1647",27067,43199,918,2
"1648",27069,4298,12,0
"1649",27071,12229,103,3
"1650",27073,6623,43,0
"1651",27075,10641,53,0
"1652",27077,3740,20,1
"1653",27079,28887,443,4
"1654",27081,5639,101,0
"1655",27083,25474,638,4
"1656",27085,35893,440,2
"1657",27087,5527,45,1
"1658",27089,9336,48,1
"1659",27091,19683,304,9
"1660",27093,23222,171,2
"1661",27095,26277,141,3
"1662",27097,33386,195,1
"1663",27099,40062,1274,4
"1664",27101,8194,152,2
"1665",27103,34274,496,16
"1666",27105,21629,1926,16
"1667",27107,6375,51,0
"1668",27109,158293,2263,27
"1669",27111,58746,379,4
"1670",27113,14119,108,1
"1671",27115,29579,239,0
"1672",27117,9126,209,9
"1673",27119,31364,270,4
"1674",27121,11249,86,0
"1675",27123,550321,10410,318
"1676",27125,4055,37,0
"1677",27127,15170,129,0
"1678",27129,14548,125,6
"1679",27131,66972,1297,8
"1680",27133,9315,146,0
"1681",27135,15165,110,0
"1682",27137,199070,1317,33
"1683",27139,149013,2386,33
"1684",27141,97238,1078,14
"1685",27143,14865,176,3
"1686",27145,161075,3715,23
"1687",27147,36649,516,2
"1688",27149,9805,91,1
"1689",27151,9266,111,1
"1690",27153,24664,473,2
"1691",27155,3259,29,0
"1692",27157,21627,170,0
"1693",27159,13682,62,0
"1694",27161,18612,425,8
"1695",27163,262440,3526,55
"1696",27165,10897,498,4
"1697",27167,6207,55,3
"1698",27169,50484,843,18
"1699",27171,138377,1508,7
"1700",27173,9709,148,2
"1701",28001,30693,917,36
"1702",28003,36953,768,11
"1703",28005,12297,312,10
"1704",28007,18174,641,25
"1705",28009,8259,218,1
"1706",28011,30628,1790,65
"1707",28013,14361,506,12
"1708",28015,9947,312,12
"1709",28017,17103,652,24
"1710",28019,8210,178,5
"1711",28021,8988,451,16
"1712",28023,15541,535,39
"1713",28025,19316,571,17
"1714",28027,22124,1123,27
"1715",28029,28065,1159,33
"1716",28031,18636,806,22
"1717",28033,184945,5393,55
"1718",28035,74897,2382,70
"1719",28037,7713,189,3
"1720",28039,24500,744,13
"1721",28041,13586,343,17
"1722",28043,20758,1053,35
"1723",28045,47632,561,21
"1724",28047,208080,3727,72
"1725",28049,231840,6956,155
"1726",28051,17010,1091,58
"1727",28053,8064,373,15
"1728",28055,1327,103,3
"1729",28057,23390,752,21
"1730",28059,143617,3378,67
"1731",28061,16383,549,15
"1732",28063,6990,239,9
"1733",28065,11128,325,11
"1734",28067,68098,2399,78
"1735",28069,9742,286,15
"1736",28071,54019,2072,39
"1737",28073,63343,1621,34
"1738",28075,74125,1994,124
"1739",28077,12586,425,12
"1740",28079,22786,939,37
"1741",28081,85436,2585,67
"1742",28083,28183,1362,80
"1743",28085,34153,1062,53
"1744",28087,58595,1398,57
"1745",28089,106272,3200,86
"1746",28091,24573,841,33
"1747",28093,35294,1075,15
"1748",28095,35252,1183,65
"1749",28097,9775,454,20
"1750",28099,29118,1534,103
"1751",28101,21018,756,23
"1752",28103,10417,543,15
"1753",28105,49587,1747,50
"1754",28107,34192,1440,27
"1755",28109,55535,862,50
"1756",28111,11973,406,17
"1757",28113,39288,1209,48
"1758",28115,32174,1225,16
"1759",28117,25126,808,17
"1760",28119,6792,373,5
"1761",28121,155271,3188,75
"1762",28123,28124,1161,25
"1763",28125,4321,263,12
"1764",28127,26658,1012,43
"1765",28129,15916,521,14
"1766",28131,18336,350,11
"1767",28133,25110,1411,44
"1768",28135,13809,749,18
"1769",28137,28321,951,37
"1770",28139,22015,642,16
"1771",28141,19383,657,37
"1772",28143,9632,479,13
"1773",28145,28815,978,24
"1774",28147,14286,593,25
"1775",28149,45381,1380,50
"1776",28151,43909,2174,71
"1777",28153,20183,874,21
"1778",28155,9689,331,13
"1779",28157,8630,302,17
"1780",28159,17955,723,19
"1781",28161,12108,416,14
"1782",28163,29690,1036,29
"1783",29001,25343,318,0
"1784",29003,17712,213,1
"1785",29005,5143,44,0
"1786",29007,25388,402,2
"1787",29009,35789,431,6
"1788",29011,11754,165,0
"1789",29013,16172,98,1
"1790",29015,19443,239,2
"1791",29017,12133,306,1
"1792",29019,180463,4365,6
"1793",29021,87364,1712,13
"1794",29023,42478,541,4
"1795",29025,9020,76,1
"1796",29027,44743,569,2
"1797",29029,46305,780,10
"1798",29031,78871,1461,10
"1799",29033,8679,133,1
"1800",29035,5982,71,1
"1801",29037,105780,1380,17
"1802",29039,14349,87,0
"1803",29041,7426,44,0
"1804",29043,88595,1204,3
"1805",29045,6797,59,0
"1806",29047,249948,1714,40
"1807",29049,20387,197,0
"1808",29051,76745,1354,7
"1809",29053,17709,373,2
"1810",29055,23920,345,2
"1811",29057,7561,47,0
"1812",29059,16878,167,1
"1813",29061,8278,83,0
"1814",29063,12547,111,2
"1815",29065,15573,120,0
"1816",29067,13185,162,3
"1817",29069,29131,730,6
"1818",29071,103967,1496,26
"1819",29073,14706,154,15
"1820",29075,6571,116,9
"1821",29077,293086,5286,19
"1822",29079,9850,163,2
"1823",29081,8352,100,1
"1824",29083,21824,161,4
"1825",29085,9544,86,2
"1826",29087,4403,75,0
"1827",29089,10001,162,2
"1828",29091,40117,498,3
"1829",29093,10125,47,0
"1830",29095,703011,17457,182
"1831",29097,121328,3492,43
"1832",29099,225081,3783,50
"1833",29101,54062,975,4
"1834",29103,3959,48,1
"1835",29105,35723,498,3
"1836",29107,32708,408,2
"1837",29109,38355,507,2
"1838",29111,9776,71,2
"1839",29113,59013,704,3
"1840",29115,11920,59,1
"1841",29117,15227,377,1
"1842",29119,22837,1042,11
"1843",29121,15117,139,0
"1844",29123,12088,269,0
"1845",29125,8697,67,0
"1846",29127,28530,626,14
"1847",29129,3617,28,0
"1848",29131,25619,429,1
"1849",29133,13180,282,3
"1850",29135,16132,275,4
"1851",29137,8644,86,0
"1852",29139,11551,78,1
"1853",29141,20627,280,1
"1854",29143,17076,503,14
"1855",29145,58236,1324,14
"1856",29147,22092,600,1
"1857",29149,10529,99,0
"1858",29151,13615,125,1
"1859",29153,9174,110,0
"1860",29155,15805,463,9
"1861",29157,19136,570,4
"1862",29159,42339,992,8
"1863",29161,44573,401,1
"1864",29163,18302,225,3
"1865",29165,104418,625,10
"1866",29167,32149,463,2
"1867",29169,52607,537,5
"1868",29171,4696,31,1
"1869",29173,10309,139,0
"1870",29175,24748,207,2
"1871",29177,23018,157,0
"1872",29179,6270,30,0
"1873",29181,13288,138,0
"1874",29183,402022,7066,108
"1875",29185,9397,41,0
"1876",29186,17894,175,1
"1877",29187,67215,1895,8
"1878",29189,994205,21584,769
"1879",29195,22761,660,9
"1880",29197,4660,22,0
"1881",29199,4902,28,1
"1882",29201,38280,802,16
"1883",29203,8166,81,1
"1884",29205,5930,59,1
"1885",29207,29025,439,9
"1886",29209,31952,387,4
"1887",29211,6089,185,0
"1888",29213,55928,1116,28
"1889",29215,25398,270,2
"1890",29217,20563,151,1
"1891",29219,35649,437,0
"1892",29221,24730,329,5
"1893",29223,12873,168,0
"1894",29225,39592,500,2
"1895",29227,2013,19,0
"1896",29229,18289,231,0
"1897",29510,300576,6664,197
"1898",30001,9453,76,1
"1899",30003,13319,832,21
"1900",30005,6681,16,0
"1901",30007,6237,17,0
"1902",30009,10725,107,0
"1903",30011,1252,0,0
"1904",30013,81366,522,5
"1905",30015,5635,18,0
"1906",30017,11402,101,2
"1907",30019,1690,3,0
"1908",30021,8613,67,1
"1909",30023,9140,113,0
"1910",30025,2846,5,0
"1911",30027,11050,54,1
"1912",30029,103806,826,16
"1913",30031,114434,1200,4
"1914",30033,1258,16,0
"1915",30035,13753,176,1
"1916",30037,821,3,0
"1917",30039,3379,22,0
"1918",30041,16484,131,3
"1919",30043,12221,55,0
"1920",30045,2007,6,0
"1921",30047,30458,251,1
"1922",30049,69432,222,3
"1923",30051,2337,16,0
"1924",30053,19980,105,3
"1925",30055,1664,19,0
"1926",30057,8600,97,1
"1927",30059,1862,24,1
"1928",30061,4397,2,0
"1929",30063,119600,571,3
"1930",30065,4633,32,1
"1931",30067,16606,86,0
"1932",30069,487,0,0
"1933",30071,3954,117,0
"1934",30073,5911,21,0
"1935",30075,1682,3,0
"1936",30077,6890,10,0
"1937",30079,1077,1,0
"1938",30081,43806,126,2
"1939",30083,10803,73,2
"1940",30085,11004,147,1
"1941",30087,8937,558,17
"1942",30089,12113,44,1
"1943",30091,3309,9,0
"1944",30093,34915,209,0
"1945",30095,9642,51,2
"1946",30097,3737,37,1
"1947",30099,6147,20,0
"1948",30101,4736,70,6
"1949",30103,696,3,0
"1950",30105,7396,58,0
"1951",30107,2126,9,0
"1952",30109,969,9,0
"1953",30111,161300,2797,56
"1954",31001,31363,506,12
"1955",31003,6298,53,1
"1956",31005,463,1,0
"1957",31007,745,2,0
"1958",31009,465,0,0
"1959",31011,5192,63,0
"1960",31013,10783,53,0
"1961",31015,1919,17,0
"1962",31017,2955,17,0
"1963",31019,49659,953,4
"1964",31021,6459,75,0
"1965",31023,8016,106,1
"1966",31025,26248,304,2
"1967",31027,8402,73,0
"1968",31029,3924,20,0
"1969",31031,5689,42,4
"1970",31033,8910,36,0
"1971",31035,6203,66,0
"1972",31037,10709,758,5
"1973",31039,8846,119,0
"1974",31041,10777,80,4
"1975",31043,20026,2140,43
"1976",31045,8589,114,0
"1977",31047,23595,1067,12
"1978",31049,1794,4,0
"1979",31051,5636,83,2
"1980",31053,36565,1076,11
"1981",31055,571327,15107,177
"1982",31057,1693,11,1
"1983",31059,5462,51,1
"1984",31061,2979,22,0
"1985",31063,2627,7,0
"1986",31065,4676,33,1
"1987",31067,21513,201,5
"1988",31069,1837,9,0
"1989",31071,1969,6,0
"1990",31073,1990,32,0
"1991",31075,623,1,0
"1992",31077,2356,22,0
"1993",31079,61353,1958,47
"1994",31081,9324,119,12
"1995",31083,3380,14,0
"1996",31085,922,0,0
"1997",31087,2762,4,0
"1998",31089,10067,50,0
"1999",31091,682,7,0
"2000",31093,6445,88,5
"2001",31095,7046,29,0
"2002",31097,5071,40,0
"2003",31099,6495,137,0
"2004",31101,8034,60,0
"2005",31103,806,4,0
"2006",31105,3632,15,0
"2007",31107,8332,132,0
"2008",31109,319090,5605,24
"2009",31111,34914,356,2
"2010",31113,748,6,0
"2011",31115,664,3,0
"2012",31117,494,6,0
"2013",31119,35099,775,5
"2014",31121,7755,81,1
"2015",31123,4642,75,0
"2016",31125,3519,24,0
"2017",31127,6972,114,0
"2018",31129,4148,13,0
"2019",31131,16012,135,1
"2020",31133,2613,15,0
"2021",31135,2891,33,9
"2022",31137,9034,102,0
"2023",31139,7148,100,7
"2024",31141,33470,1010,3
"2025",31143,5213,49,1
"2026",31145,10724,25,0
"2027",31147,7865,50,1
"2028",31149,1357,37,0
"2029",31151,14224,692,2
"2030",31153,187196,3356,15
"2031",31155,21578,401,3
"2032",31157,35618,405,7
"2033",31159,17284,203,3
"2034",31161,5246,47,0
"2035",31163,3001,23,1
"2036",31165,1166,7,0
"2037",31167,5920,39,0
"2038",31169,5003,29,0
"2039",31171,722,5,0
"2040",31173,7224,244,4
"2041",31175,4158,30,0
"2042",31177,20729,242,2
"2043",31179,9385,115,0
"2044",31181,3487,15,0
"2045",31183,783,1,0
"2046",31185,13679,148,1
"2047",32001,24909,137,3
"2048",32003,2266715,63877,1327
"2049",32005,48905,286,1
"2050",32007,52778,904,8
"2051",32009,873,0,0
"2052",32011,2029,10,0
"2053",32013,16831,118,4
"2054",32015,5532,70,1
"2055",32017,5183,7,0
"2056",32019,57510,407,7
"2057",32021,4505,13,0
"2058",32023,46523,492,15
"2059",32027,6725,21,0
"2060",32029,4123,9,0
"2061",32031,471519,8493,153
"2062",32033,9580,52,1
"2063",32510,55916,494,8
"2064",33001,61303,137,4
"2065",33003,48910,119,2
"2066",33005,76085,142,3
"2067",33007,31563,21,0
"2068",33009,89886,131,1
"2069",33011,417025,4273,288
"2070",33013,151391,546,23
"2071",33015,309769,1959,103
"2072",33017,130633,481,13
"2073",33019,43146,50,1
"2074",34001,263670,3956,255
"2075",34003,932202,22145,2044
"2076",34005,445349,6901,490
"2077",34007,506471,9667,605
"2078",34009,92039,995,95
"2079",34011,149527,3728,157
"2080",34013,798975,20803,2125
"2081",34015,291636,4281,224
"2082",34017,672391,20468,1513
"2083",34019,124371,1282,125
"2084",34021,367430,8563,635
"2085",34023,825062,19050,1425
"2086",34025,618795,11438,864
"2087",34027,491845,7718,831
"2088",34029,607186,12182,1042
"2089",34031,501826,18799,1251
"2090",34033,62385,1039,89
"2091",34035,328934,5685,569
"2092",34037,140488,1450,198
"2093",34039,556341,17415,1356
"2094",34041,105267,1428,171
"2095",35001,679121,6198,170
"2096",35003,3527,9,1
"2097",35005,64615,1014,10
"2098",35006,26675,406,20
"2099",35007,11941,27,1
"2100",35009,48954,740,5
"2101",35011,1748,1,0
"2102",35013,218195,3117,53
"2103",35015,58460,686,6
"2104",35017,26998,109,2
"2105",35019,4300,34,1
"2106",35021,625,2,0
"2107",35023,4198,99,2
"2108",35025,71070,1320,21
"2109",35027,19572,186,3
"2110",35028,19369,31,0
"2111",35029,23709,401,6
"2112",35031,71367,4292,255
"2113",35033,4521,7,0
"2114",35035,67490,247,13
"2115",35037,8253,71,2
"2116",35039,38921,383,13
"2117",35041,18500,266,3
"2118",35043,146748,1313,40
"2119",35045,123958,3257,197
"2120",35047,27277,93,0
"2121",35049,150358,939,5
"2122",35051,10791,42,1
"2123",35053,16637,88,6
"2124",35055,32723,129,4
"2125",35057,15461,65,1
"2126",35059,4059,31,2
"2127",35061,76688,548,4
"2128",36001,305506,3006,123
"2129",36003,46091,96,2
"2130",36005,1418207,52526,4939
"2131",36007,190488,1459,85
"2132",36009,76117,253,7
"2133",36011,76576,196,2
"2134",36013,126903,536,4
"2135",36015,83456,322,3
"2136",36017,47207,248,6
"2137",36019,80485,154,5
"2138",36021,59461,580,47
"2139",36023,47581,155,1
"2140",36025,44135,130,4
"2141",36027,294218,5053,156
"2142",36029,918702,10917,622
"2143",36031,36885,158,13
"2144",36033,50022,64,1
"2145",36035,53383,332,28
"2146",36037,57280,314,6
"2147",36039,47188,319,14
"2148",36041,4416,15,1
"2149",36043,61319,319,10
"2150",36045,109834,161,1
"2151",36047,2559903,66971,7315
"2152",36049,26296,50,5
"2153",36051,62914,201,6
"2154",36053,70941,486,9
"2155",36055,741770,5876,259
"2156",36057,49221,223,9
"2157",36059,1356924,46154,2201
"2158",36061,1628706,33011,3173
"2159",36063,209281,1714,89
"2160",36065,228671,2373,121
"2161",36067,460528,4201,180
"2162",36069,109777,456,28
"2163",36071,384940,11790,412
"2164",36073,40352,323,55
"2165",36075,117124,424,3
"2166",36077,59493,325,4
"2167",36079,98320,1573,63
"2168",36081,2253858,71577,7243
"2169",36083,158714,896,42
"2170",36085,476143,15713,1085
"2171",36087,325789,14801,509
"2172",36089,107740,315,4
"2173",36091,229863,990,15
"2174",36093,155299,1377,46
"2175",36095,30999,83,2
"2176",36097,17807,37,0
"2177",36099,34016,105,1
"2178",36101,95379,344,39
"2179",36103,1476601,46010,2011
"2180",36105,75432,1570,37
"2181",36107,48203,222,21
"2182",36109,102180,394,0
"2183",36111,177573,2239,84
"2184",36113,63944,356,30
"2185",36115,61204,287,14
"2186",36117,89918,309,3
"2187",36119,967506,37755,1454
"2188",36121,39859,132,5
"2189",36123,24913,62,6
"2190",37001,169509,3695,48
"2191",37003,37497,483,5
"2192",37005,11137,219,0
"2193",37007,24446,549,4
"2194",37009,27203,247,1
"2195",37011,17557,321,0
"2196",37013,46994,818,17
"2197",37015,18947,540,7
"2198",37017,32722,818,12
"2199",37019,142820,1523,26
"2200",37021,261191,2844,79
"2201",37023,90485,2018,33
"2202",37025,216453,3739,61
"2203",37027,82178,1557,18
"2204",37029,10867,107,3
"2205",37031,69473,608,5
"2206",37033,22604,315,3
"2207",37035,159551,2958,51
"2208",37037,74470,1589,57
"2209",37039,28612,567,10
"2210",37041,13943,306,3
"2211",37043,11231,109,2
"2212",37045,97947,1994,60
"2213",37047,55508,1305,54
"2214",37049,102139,1247,30
"2215",37051,335509,5018,75
"2216",37053,27763,150,1
"2217",37055,37009,258,2
"2218",37057,167609,2575,34
"2219",37059,42846,527,6
"2220",37061,58741,2137,53
"2221",37063,321488,7486,90
"2222",37065,51472,1254,37
"2223",37067,382295,6786,94
"2224",37069,69685,1177,31
"2225",37071,224529,4806,75
"2226",37073,11562,121,3
"2227",37075,8441,122,1
"2228",37077,60443,1680,48
"2229",37079,21069,498,5
"2230",37081,537174,8064,176
"2231",37083,50010,957,18
"2232",37085,135976,2003,51
"2233",37087,62317,577,31
"2234",37089,117417,1894,64
"2235",37091,23677,681,26
"2236",37093,55234,1058,16
"2237",37095,4937,124,4
"2238",37097,181806,2653,27
"2239",37099,43938,529,7
"2240",37101,209339,4217,55
"2241",37103,9419,143,11
"2242",37105,61779,1569,13
"2243",37107,55949,937,27
"2244",37109,86111,1437,14
"2245",37111,45756,880,26
"2246",37113,35858,582,2
"2247",37115,21755,89,1
"2248",37117,22440,418,10
"2249",37119,1110356,27431,339
"2250",37121,14964,102,3
"2251",37123,27173,1020,25
"2252",37125,100880,1505,27
"2253",37127,94298,2091,36
"2254",37129,234473,3875,29
"2255",37131,19483,401,17
"2256",37133,197938,1825,21
"2257",37135,148476,2570,54
"2258",37137,12726,228,2
"2259",37139,39824,658,29
"2260",37141,63060,888,5
"2261",37143,13463,171,3
"2262",37145,39490,405,6
"2263",37147,180742,4498,27
"2264",37149,20724,257,8
"2265",37151,143667,2645,50
"2266",37153,44829,896,13
"2267",37155,130625,4218,72
"2268",37157,91010,1131,13
"2269",37159,142088,3155,87
"2270",37161,67029,1091,22
"2271",37163,63531,1751,24
"2272",37165,34823,907,12
"2273",37167,62806,1781,56
"2274",37169,45591,404,3
"2275",37171,71783,1271,21
"2276",37173,14271,139,3
"2277",37175,34385,302,7
"2278",37177,4016,112,2
"2279",37179,239859,4553,58
"2280",37181,44535,1014,43
"2281",37183,1111761,16812,228
"2282",37185,19731,313,7
"2283",37187,11580,200,8
"2284",37189,56177,578,1
"2285",37191,123131,3135,64
"2286",37193,68412,1152,32
"2287",37195,81801,2053,46
"2288",37197,37667,707,7
"2289",37199,18069,119,0
"2290",38001,2216,17,0
"2291",38003,10415,212,0
"2292",38005,6832,317,5
"2293",38007,928,13,0
"2294",38009,6282,42,0
"2295",38011,3024,29,0
"2296",38013,2115,28,1
"2297",38015,95626,3002,36
"2298",38017,181923,4603,77
"2299",38019,3762,46,0
"2300",38021,4872,45,0
"2301",38023,2264,6,0
"2302",38025,4424,76,1
"2303",38027,2287,61,3
"2304",38029,3241,108,1
"2305",38031,3210,53,0
"2306",38033,1761,41,0
"2307",38035,69451,2046,12
"2308",38037,2274,11,0
"2309",38039,2231,50,1
"2310",38041,2499,54,0
"2311",38043,2480,41,0
"2312",38045,4046,44,0
"2313",38047,1850,26,0
"2314",38049,5745,56,1
"2315",38051,2497,53,3
"2316",38053,15024,163,2
"2317",38055,9450,237,2
"2318",38057,8187,107,0
"2319",38059,31364,1052,17
"2320",38061,10545,203,2
"2321",38063,2879,38,0
"2322",38065,1959,17,0
"2323",38067,6801,50,0
"2324",38069,3975,31,0
"2325",38071,11519,185,2
"2326",38073,5218,71,0
"2327",38075,2327,34,0
"2328",38077,16177,205,1
"2329",38079,14176,156,3
"2330",38081,3898,49,0
"2331",38083,1315,9,0
"2332",38085,4230,140,3
"2333",38087,750,7,0
"2334",38089,31489,1297,6
"2335",38091,1890,27,0
"2336",38093,20704,475,3
"2337",38095,2189,12,0
"2338",38097,8036,96,0
"2339",38099,10641,169,1
"2340",38101,67641,870,4
"2341",38103,3834,33,0
"2342",38105,37589,794,5
"2343",39001,27698,120,4
"2344",39003,102351,1365,67
"2345",39005,53484,222,4
"2346",39007,97241,641,48
"2347",39009,65327,588,2
"2348",39011,45656,562,9
"2349",39013,67006,705,27
"2350",39015,43432,273,2
"2351",39017,383134,5586,99
"2352",39019,26914,149,7
"2353",39021,38885,287,3
"2354",39023,134083,1707,38
"2355",39025,206428,1611,20
"2356",39027,41968,278,13
"2357",39029,101883,1918,80
"2358",39031,36600,230,11
"2359",39033,41494,217,6
"2360",39035,1235072,17041,642
"2361",39037,51113,759,39
"2362",39039,38087,279,10
"2363",39041,209177,2116,20
"2364",39043,74266,896,44
"2365",39045,157574,1999,50
"2366",39047,28525,225,6
"2367",39049,1316756,25846,603
"2368",39051,42126,232,1
"2369",39053,29898,179,12
"2370",39055,93649,701,47
"2371",39057,168937,1338,27
"2372",39059,38875,155,7
"2373",39061,817473,12698,307
"2374",39063,75783,655,9
"2375",39065,31365,249,13
"2376",39067,15040,60,1
"2377",39069,27006,294,12
"2378",39071,43161,220,3
"2379",39073,28264,159,9
"2380",39075,43960,370,7
"2381",39077,58266,521,7
"2382",39079,32413,228,4
"2383",39081,65325,318,4
"2384",39083,62322,278,15
"2385",39085,230149,1572,49
"2386",39087,59463,588,18
"2387",39089,176862,1853,62
"2388",39091,45672,291,3
"2389",39093,309833,2253,86
"2390",39095,428348,7091,357
"2391",39097,44731,776,12
"2392",39099,228683,2988,279
"2393",39101,65093,3057,47
"2394",39103,179746,1420,38
"2395",39105,22907,170,9
"2396",39107,41172,1044,17
"2397",39109,106987,1341,49
"2398",39111,13654,106,18
"2399",39113,531687,7443,152
"2400",39115,14508,46,0
"2401",39117,35328,247,2
"2402",39119,86215,367,2
"2403",39121,14424,26,0
"2404",39123,40525,464,30
"2405",39125,18672,101,0
"2406",39127,36134,284,9
"2407",39129,58457,2628,44
"2408",39131,27772,153,0
"2409",39133,162466,1064,66
"2410",39135,40882,418,13
"2411",39137,33861,537,23
"2412",39139,121154,781,19
"2413",39141,76666,849,22
"2414",39143,58518,554,20
"2415",39145,75314,459,6
"2416",39147,55178,435,14
"2417",39149,48590,561,9
"2418",39151,370606,2723,168
"2419",39153,541013,5073,248
"2420",39155,197974,1847,131
"2421",39157,91987,910,20
"2422",39159,58988,483,2
"2423",39161,28275,110,3
"2424",39163,13085,45,3
"2425",39165,234602,2893,48
"2426",39167,59911,246,23
"2427",39169,115710,898,66
"2428",39171,36692,197,3
"2429",39173,130817,1679,71
"2430",39175,21772,201,12
"2431",40001,22194,574,10
"2432",40003,5702,56,0
"2433",40005,13758,269,1
"2434",40007,5311,48,0
"2435",40009,21859,263,1
"2436",40011,9429,108,1
"2437",40013,47995,820,4
"2438",40015,28762,695,20
"2439",40017,148306,1928,16
"2440",40019,48111,502,8
"2441",40021,48657,973,7
"2442",40023,14672,299,2
"2443",40025,2137,23,0
"2444",40027,284014,5512,68
"2445",40029,5495,71,0
"2446",40031,120749,1479,12
"2447",40033,5666,64,3
"2448",40035,14142,404,1
"2449",40037,71522,1051,30
"2450",40039,29003,475,0
"2451",40041,43009,673,23
"2452",40043,4891,58,1
"2453",40045,3859,8,0
"2454",40047,61056,1464,18
"2455",40049,27711,332,4
"2456",40051,55834,855,10
"2457",40053,4333,38,0
"2458",40055,5712,104,8
"2459",40057,2653,43,0
"2460",40059,3688,26,1
"2461",40061,12627,253,4
"2462",40063,13279,276,4
"2463",40065,24530,698,10
"2464",40067,6002,42,0
"2465",40069,11085,139,4
"2466",40071,43538,491,13
"2467",40073,15765,318,2
"2468",40075,8708,65,2
"2469",40077,10073,129,2
"2470",40079,49853,978,17
"2471",40081,34877,388,10
"2472",40083,48011,394,1
"2473",40085,10253,164,1
"2474",40087,40474,776,6
"2475",40089,32832,1212,33
"2476",40091,19596,291,4
"2477",40093,7629,70,1
"2478",40095,16931,170,1
"2479",40097,41100,530,10
"2480",40099,14073,113,1
"2481",40101,67997,1678,21
"2482",40103,11131,140,2
"2483",40105,10076,131,3
"2484",40107,11993,127,4
"2485",40109,797434,16435,180
"2486",40111,38465,769,5
"2487",40113,46963,771,13
"2488",40115,31127,770,4
"2489",40117,16376,239,3
"2490",40119,81784,2008,6
"2491",40121,43654,865,19
"2492",40123,38284,345,3
"2493",40125,72592,1177,9
"2494",40127,11096,145,1
"2495",40129,3583,26,1
"2496",40131,92459,1663,47
"2497",40133,24258,399,5
"2498",40135,41569,776,10
"2499",40137,43143,374,5
"2500",40139,19983,1403,8
"2501",40141,7250,81,2
"2502",40143,651552,15905,152
"2503",40145,81289,1388,24
"2504",40147,51527,948,40
"2505",40149,10916,57,0
"2506",40151,8793,93,0
"2507",40153,20211,309,0
"2508",41001,16124,90,2
"2509",41003,93053,279,6
"2510",41005,418187,2237,61
"2511",41007,40224,113,0
"2512",41009,52354,150,1
"2513",41011,64487,136,0
"2514",41013,24404,60,1
"2515",41015,22925,27,0
"2516",41017,197692,760,12
"2517",41019,110980,206,3
"2518",41021,1912,7,0
"2519",41023,7199,8,0
"2520",41025,7393,12,0
"2521",41027,23382,241,0
"2522",41029,220944,1034,3
"2523",41031,24658,511,8
"2524",41033,87487,183,2
"2525",41035,68238,272,2
"2526",41037,7869,28,0
"2527",41039,382067,944,14
"2528",41041,49962,472,13
"2529",41043,129749,458,13
"2530",41045,30571,1512,23
"2531",41047,347818,4427,89
"2532",41049,11603,485,5
"2533",41051,812855,6779,129
"2534",41053,86085,501,15
"2535",41055,1780,18,0
"2536",41057,27036,48,0
"2537",41059,77950,2905,41
"2538",41061,26835,435,2
"2539",41063,7208,28,1
"2540",41065,26682,234,3
"2541",41067,601592,4264,58
"2542",41069,1332,0,0
"2543",41071,107100,735,14
"2544",42001,103009,782,25
"2545",42003,1216045,11663,345
"2546",42005,64735,410,17
"2547",42007,163929,1834,116
"2548",42009,47888,224,6
"2549",42011,421164,6801,387
"2550",42013,121829,559,15
"2551",42015,60323,120,3
"2552",42017,628270,8499,598
"2553",42019,187853,983,22
"2554",42021,130192,540,7
"2555",42023,4447,8,0
"2556",42025,64182,444,28
"2557",42027,162385,1727,11
"2558",42029,524989,6526,359
"2559",42031,38438,115,3
"2560",42033,79255,297,2
"2561",42035,38632,186,5
"2562",42037,64964,859,35
"2563",42039,84629,288,3
"2564",42041,253370,1752,75
"2565",42043,278299,3684,173
"2566",42045,566747,11104,748
"2567",42047,29910,67,2
"2568",42049,269728,1466,37
"2569",42051,129274,766,7
"2570",42053,7247,14,0
"2571",42055,155027,1710,49
"2572",42057,14530,44,2
"2573",42059,36233,168,1
"2574",42061,45144,395,6
"2575",42063,84073,611,12
"2576",42065,43425,107,2
"2577",42067,24763,178,7
"2578",42069,209674,2375,215
"2579",42071,545724,7514,453
"2580",42073,85512,499,22
"2581",42075,141793,1931,59
"2582",42077,369318,5469,346
"2583",42079,317417,4013,189
"2584",42081,113299,623,23
"2585",42083,40625,53,2
"2586",42085,109424,688,14
"2587",42087,46138,209,2
"2588",42089,170271,1772,129
"2589",42091,830915,11897,870
"2590",42093,18230,162,5
"2591",42095,305285,4364,304
"2592",42097,90843,861,48
"2593",42099,46272,204,6
"2594",42101,1584064,31176,1805
"2595",42103,55809,565,21
"2596",42105,16526,25,0
"2597",42107,141359,1058,52
"2598",42109,40372,255,3
"2599",42111,73447,203,3
"2600",42113,6066,11,0
"2601",42115,40328,293,28
"2602",42117,40591,61,3
"2603",42119,44923,451,6
"2604",42121,50668,80,1
"2605",42123,39191,42,1
"2606",42125,206865,1275,29
"2607",42127,51361,214,10
"2608",42129,348899,2046,50
"2609",42131,26794,72,8
"2610",42133,449058,4453,141
"2611",44001,48479,382,16
"2612",44003,164292,1796,107
"2613",44005,82082,502,0
"2614",44007,638931,17941,865
"2615",44009,125577,753,67
"2616",45001,24527,530,11
"2617",45003,170872,2619,77
"2618",45005,8688,355,6
"2619",45007,202558,4002,162
"2620",45009,14066,610,33
"2621",45011,20866,600,17
"2622",45013,192122,5403,81
"2623",45015,227907,5315,87
"2624",45017,14553,439,17
"2625",45019,411406,15455,256
"2626",45021,57300,1065,35
"2627",45023,32244,1010,21
"2628",45025,45650,1179,34
"2629",45027,33745,1067,66
"2630",45029,37677,983,42
"2631",45031,66618,1944,51
"2632",45033,30479,950,31
"2633",45035,162809,4022,87
"2634",45037,27260,533,17
"2635",45039,22347,739,34
"2636",45041,138293,4779,181
"2637",45043,62680,1857,44
"2638",45045,523542,13710,288
"2639",45047,70811,2138,71
"2640",45049,19222,604,25
"2641",45051,354081,10084,195
"2642",45053,30073,770,19
"2643",45055,66551,1853,36
"2644",45057,98012,2034,45
"2645",45059,67493,1603,54
"2646",45061,16828,696,34
"2647",45063,298750,6714,154
"2648",45065,9463,195,6
"2649",45067,30657,820,22
"2650",45069,26118,892,11
"2651",45071,38440,1170,20
"2652",45073,79546,1329,27
"2653",45075,86175,3031,121
"2654",45077,126884,2720,41
"2655",45079,415759,14349,224
"2656",45081,20473,670,20
"2657",45083,319785,6352,189
"2658",45085,106721,3118,77
"2659",45087,27316,534,11
"2660",45089,30368,1302,41
"2661",45091,280979,5096,65
"2662",46003,2751,44,0
"2663",46005,18453,696,9
"2664",46007,3365,63,1
"2665",46009,6901,75,1
"2666",46011,35077,658,2
"2667",46013,38839,1017,3
"2668",46015,5297,92,0
"2669",46017,1962,117,3
"2670",46019,10429,74,1
"2671",46021,1376,10,0
"2672",46023,9292,139,0
"2673",46025,3736,32,0
"2674",46027,14070,531,5
"2675",46029,28009,682,3
"2676",46031,4086,81,1
"2677",46033,8972,169,2
"2678",46035,19775,200,2
"2679",46037,5424,59,0
"2680",46039,4351,75,0
"2681",46041,5892,115,0
"2682",46043,2921,57,0
"2683",46045,3829,80,0
"2684",46047,6713,87,3
"2685",46049,2299,58,1
"2686",46051,7052,87,1
"2687",46053,4185,93,1
"2688",46055,1899,17,0
"2689",46057,6164,79,0
"2690",46059,3191,25,0
"2691",46061,3453,28,0
"2692",46063,1298,3,0
"2693",46065,17526,295,4
"2694",46067,7291,71,2
"2695",46069,1301,15,0
"2696",46071,3344,24,1
"2697",46073,2013,66,1
"2698",46075,903,7,0
"2699",46077,4939,41,0
"2700",46079,12797,169,7
"2701",46081,25844,321,4
"2702",46083,61128,1190,2
"2703",46085,3781,110,3
"2704",46087,5586,80,1
"2705",46089,2379,27,0
"2706",46091,4935,33,0
"2707",46093,28332,444,4
"2708",46095,2061,29,0
"2709",46097,2216,19,0
"2710",46099,193134,6170,76
"2711",46101,6576,69,0
"2712",46102,14177,219,3
"2713",46103,113775,1960,35
"2714",46105,2865,28,0
"2715",46107,2153,35,0
"2716",46109,10394,148,1
"2717",46111,2344,18,0
"2718",46115,6376,102,0
"2719",46117,3098,32,0
"2720",46119,1391,9,0
"2721",46121,10177,104,5
"2722",46123,5441,88,0
"2723",46125,8384,135,2
"2724",46127,15932,349,6
"2725",46129,5435,89,0
"2726",46135,22814,345,4
"2727",46137,2756,60,0
"2728",47001,76978,1117,11
"2729",47003,49713,1295,16
"2730",47005,16160,331,9
"2731",47007,15064,844,4
"2732",47009,133088,2425,23
"2733",47011,108110,2818,16
"2734",47013,39842,415,3
"2735",47015,14678,269,0
"2736",47017,27767,816,17
"2737",47019,56391,1108,27
"2738",47021,40667,784,10
"2739",47023,17297,576,9
"2740",47025,31959,423,4
"2741",47027,7615,182,5
"2742",47029,36004,730,9
"2743",47031,56520,1069,12
"2744",47033,14230,497,19
"2745",47035,60520,1143,17
"2746",47037,694144,25840,289
"2747",47039,11663,455,6
"2748",47041,20490,541,11
"2749",47043,53948,1176,12
"2750",47045,37159,1253,12
"2751",47047,41133,1111,18
"2752",47049,18523,422,3
"2753",47051,42208,875,7
"2754",47053,49133,1492,19
"2755",47055,29464,549,17
"2756",47057,23320,346,2
"2757",47059,69069,1079,36
"2758",47061,13427,230,5
"2759",47063,64934,1831,25
"2760",47065,367804,9033,88
"2761",47067,6620,106,3
"2762",47069,25050,1513,25
"2763",47071,25652,954,14
"2764",47073,56786,747,16
"2765",47075,17304,900,16
"2766",47077,28117,1101,19
"2767",47079,32345,594,9
"2768",47081,25178,515,4
"2769",47083,8201,178,0
"2770",47085,18582,224,3
"2771",47087,11786,302,4
"2772",47089,54495,1051,14
"2773",47091,17788,635,2
"2774",47093,470313,8806,72
"2775",47095,7016,871,2
"2776",47097,25633,928,15
"2777",47099,44142,939,11
"2778",47101,12268,169,1
"2779",47103,34366,576,1
"2780",47105,54068,1099,6
"2781",47107,53794,1045,24
"2782",47109,25694,783,16
"2783",47111,24602,1007,19
"2784",47113,97984,2596,56
"2785",47115,28907,493,7
"2786",47117,34375,698,5
"2787",47119,96387,2183,23
"2788",47121,12422,216,3
"2789",47123,46545,994,16
"2790",47125,208993,2922,43
"2791",47127,6488,145,1
"2792",47129,21403,302,3
"2793",47131,30069,1066,9
"2794",47133,22241,673,4
"2795",47135,8076,140,0
"2796",47137,5048,94,2
"2797",47139,16832,375,11
"2798",47141,80245,3019,37
"2799",47143,33167,766,11
"2800",47145,53382,828,3
"2801",47147,71813,2151,33
"2802",47149,332285,8902,87
"2803",47151,22068,197,2
"2804",47153,15026,219,3
"2805",47155,98250,2500,13
"2806",47157,937166,29800,446
"2807",47159,20157,669,10
"2808",47161,13715,167,2
"2809",47163,158348,2038,31
"2810",47165,191283,4629,93
"2811",47167,61599,1711,17
"2812",47169,11284,1647,7
"2813",47171,17883,274,1
"2814",47173,19972,331,1
"2815",47175,5872,149,0
"2816",47177,41277,997,7
"2817",47179,129375,2123,32
"2818",47181,16673,1478,5
"2819",47183,33328,1104,19
"2820",47185,27345,763,9
"2821",47187,238412,5030,36
"2822",47189,144657,3318,41
"2823",48001,57735,2744,31
"2824",48003,18705,412,8
"2825",48005,86715,2113,79
"2826",48007,23510,316,18
"2827",48009,8553,69,1
"2828",48011,1887,12,1
"2829",48013,51153,627,30
"2830",48015,30032,484,9
"2831",48017,7000,206,5
"2832",48019,23112,112,7
"2833",48021,88723,1788,28
"2834",48023,3509,14,0
"2835",48025,32565,1813,30
"2836",48027,362924,5306,79
"2837",48029,2003554,50760,1244
"2838",48031,11931,141,5
"2839",48033,654,0,0
"2840",48035,18685,294,6
"2841",48037,93245,1244,50
"2842",48039,374264,10976,158
"2843",48041,229211,5996,62
"2844",48043,9203,214,2
"2845",48045,1546,12,1
"2846",48047,7093,298,22
"2847",48049,37864,543,20
"2848",48051,18443,326,6
"2849",48053,48155,701,12
"2850",48055,43664,1488,35
"2851",48057,21290,626,7
"2852",48059,13943,84,3
"2853",48061,423163,22405,869
"2854",48063,13094,349,10
"2855",48065,5926,18,0
"2856",48067,30026,312,14
"2857",48069,7530,249,5
"2858",48071,43837,1255,8
"2859",48073,52646,1522,28
"2860",48075,7306,66,0
"2861",48077,10471,76,1
"2862",48079,2853,48,1
"2863",48081,3387,51,3
"2864",48083,8175,67,3
"2865",48085,1034730,12843,137
"2866",48087,2920,18,0
"2867",48089,21493,478,4
"2868",48091,156209,2600,102
"2869",48093,13635,280,3
"2870",48095,2726,89,2
"2871",48097,41257,395,5
"2872",48099,75951,1792,12
"2873",48101,1398,25,2
"2874",48103,4797,71,2
"2875",48105,3464,164,6
"2876",48107,5737,86,3
"2877",48109,2171,51,2
"2878",48111,7287,232,8
"2879",48113,2635516,76962,1083
"2880",48115,12728,353,9
"2881",48117,18546,855,20
"2882",48119,5331,24,0
"2883",48121,887207,11441,148
"2884",48123,20160,975,33
"2885",48125,2211,48,2
"2886",48127,10124,195,7
"2887",48129,3278,59,1
"2888",48131,11157,419,14
"2889",48133,18360,158,3
"2890",48135,166223,3044,79
"2891",48137,1932,34,1
"2892",48139,184826,4192,66
"2893",48141,839238,22329,497
"2894",48143,42698,804,12
"2895",48145,17297,222,5
"2896",48147,35514,656,14
"2897",48149,25346,460,18
"2898",48151,3830,64,1
"2899",48153,5712,106,9
"2900",48155,1155,9,0
"2901",48157,811688,15734,277
"2902",48159,10725,130,6
"2903",48161,19717,404,2
"2904",48163,20306,671,8
"2905",48165,21492,313,8
"2906",48167,342139,11402,153
"2907",48169,6229,103,4
"2908",48171,26988,213,10
"2909",48173,1409,7,0
"2910",48175,7658,154,6
"2911",48177,20837,822,16
"2912",48179,21886,283,5
"2913",48181,136212,1791,36
"2914",48183,123945,2131,59
"2915",48185,28880,1067,31
"2916",48187,166847,1958,76
"2917",48189,33406,1797,53
"2918",48191,2964,24,1
"2919",48193,8461,115,4
"2920",48195,5399,111,4
"2921",48197,3933,24,0
"2922",48199,57602,1317,28
"2923",48201,4713325,122445,2498
"2924",48203,66553,865,31
"2925",48205,5576,117,0
"2926",48207,5658,62,2
"2927",48209,230191,5736,60
"2928",48211,3819,73,0
"2929",48213,82737,923,23
"2930",48215,868707,30577,1426
"2931",48217,36649,605,13
"2932",48219,23021,326,8
"2933",48221,61643,882,26
"2934",48223,37084,322,8
"2935",48225,22968,361,10
"2936",48227,36664,619,12
"2937",48229,4886,45,3
"2938",48231,98594,1557,35
"2939",48233,20938,192,3
"2940",48235,1536,10,0
"2941",48237,8935,131,2
"2942",48239,14760,527,15
"2943",48241,35529,459,25
"2944",48243,2274,14,0
"2945",48245,251565,7152,128
"2946",48247,5200,102,3
"2947",48249,40482,1420,32
"2948",48251,175817,2795,49
"2949",48253,20083,584,0
"2950",48255,15601,754,16
"2951",48257,136154,3018,47
"2952",48259,47431,202,7
"2953",48261,404,7,1
"2954",48263,762,8,0
"2955",48265,52600,444,10
"2956",48267,4337,16,1
"2957",48269,272,0,0
"2958",48271,3667,25,1
"2959",48273,30680,983,41
"2960",48275,3664,68,8
"2961",48277,49859,1046,31
"2962",48279,12893,324,21
"2963",48281,21428,231,8
"2964",48283,7520,360,11
"2965",48285,20154,712,34
"2966",48287,17239,217,14
"2967",48289,17404,229,6
"2968",48291,88219,2215,48
"2969",48293,23437,555,10
"2970",48295,3233,32,0
"2971",48297,12207,368,8
"2972",48299,21795,118,2
"2973",48301,169,0,0
"2974",48303,310569,10237,115
"2975",48305,5951,93,5
"2976",48307,7984,139,3
"2977",48309,256623,7428,96
"2978",48311,743,21,0
"2979",48313,14284,719,6
"2980",48315,9854,149,13
"2981",48317,5771,77,6
"2982",48319,4274,76,2
"2983",48321,36643,1022,42
"2984",48323,58722,3535,110
"2985",48325,51584,1179,43
"2986",48327,2138,26,0
"2987",48329,176832,3551,61
"2988",48331,24823,479,5
"2989",48333,4873,52,0
"2990",48335,8545,84,1
"2991",48337,19818,164,3
"2992",48339,607391,10463,157
"2993",48341,20940,1151,20
"2994",48343,12388,182,3
"2995",48345,1200,7,0
"2996",48347,65204,1513,60
"2997",48349,50113,1224,25
"2998",48351,13595,172,9
"2999",48353,14714,208,5
"3000",48355,362294,15554,351
"3001",48357,9836,127,4
"3002",48359,2112,15,1
"3003",48361,83396,1905,41
"3004",48363,29189,502,15
"3005",48365,23194,367,25
"3006",48367,142878,1822,30
"3007",48369,9605,415,7
"3008",48371,15823,357,5
"3009",48373,51353,828,22
"3010",48375,117415,4517,54
"3011",48377,6704,96,5
"3012",48379,12514,65,3
"3013",48381,137713,2612,37
"3014",48383,3849,87,6
"3015",48385,3452,105,7
"3016",48387,12023,158,14
"3017",48389,15976,188,6
"3018",48391,6948,302,13
"3019",48393,854,9,0
"3020",48395,17074,292,4
"3021",48397,104915,1543,25
"3022",48399,10264,244,5
"3023",48401,54406,877,7
"3024",48403,10542,77,8
"3025",48405,8237,199,15
"3026",48407,28859,224,9
"3027",48409,66730,1415,72
"3028",48411,6055,52,0
"3029",48413,2793,52,2
"3030",48415,16703,610,2
"3031",48417,3265,24,0
"3032",48419,25274,462,22
"3033",48421,3022,60,0
"3034",48423,232751,3620,96
"3035",48425,9128,137,5
"3036",48427,64633,3351,159
"3037",48429,9366,129,4
"3038",48431,1291,4,0
"3039",48433,1350,11,1
"3040",48435,3776,81,3
"3041",48437,7397,99,3
"3042",48439,2102515,43055,690
"3043",48441,138034,1437,48
"3044",48443,776,3,0
"3045",48445,12337,229,4
"3046",48447,1501,7,2
"3047",48449,32750,1441,28
"3048",48451,119200,2190,62
"3049",48453,1273954,28375,399
"3050",48455,14651,191,7
"3051",48457,21672,210,4
"3052",48459,41753,375,9
"3053",48461,3657,23,2
"3054",48463,26741,751,30
"3055",48465,49025,2135,98
"3056",48467,56590,568,18
"3057",48469,92084,3996,94
"3058",48471,72971,3609,55
"3059",48473,55246,816,11
"3060",48475,11998,120,1
"3061",48477,35882,625,48
"3062",48479,276652,13053,261
"3063",48481,41556,1317,50
"3064",48483,5056,46,0
"3065",48485,132230,1613,19
"3066",48487,12769,131,2
"3067",48489,21358,1197,48
"3068",48491,590551,8385,142
"3069",48493,51070,572,26
"3070",48495,8010,111,1
"3071",48497,69984,712,13
"3072",48499,45539,496,21
"3073",48501,8713,201,5
"3074",48503,18010,266,6
"3075",48505,14179,326,6
"3076",48507,11840,290,16
"3077",49001,6710,36,0
"3078",49003,56046,507,5
"3079",49005,128289,2501,6
"3080",49007,20463,101,0
"3081",49009,950,1,0
"3082",49011,355481,4649,28
"3083",49013,19938,101,1
"3084",49015,10012,25,0
"3085",49017,5051,46,2
"3086",49019,9754,57,1
"3087",49021,54839,713,2
"3088",49023,12017,110,1
"3089",49025,7886,74,1
"3090",49027,13188,163,0
"3091",49029,12124,92,0
"3092",49031,1479,6,0
"3093",49033,2483,14,0
"3094",49035,1160437,27842,245
"3095",49037,15308,688,29
"3096",49039,30939,172,1
"3097",49041,21620,94,1
"3098",49043,42145,940,1
"3099",49045,72259,806,0
"3100",49047,35734,107,1
"3101",49049,636235,15185,54
"3102",49051,34091,700,7
"3103",49053,177556,3122,25
"3104",49055,2711,2,0
"3105",49057,260213,3915,29
"3106",50001,36777,83,2
"3107",50003,35470,108,1
"3108",50005,29993,34,0
"3109",50007,163774,828,39
"3110",50009,6163,6,0
"3111",50011,49402,123,7
"3112",50013,7235,14,0
"3113",50015,25362,53,1
"3114",50017,28892,22,0
"3115",50019,27037,21,0
"3116",50021,58191,128,1
"3117",50023,58409,76,2
"3118",50025,42222,123,3
"3119",50027,55062,83,2
"3120",51001,32316,1166,19
"3121",51003,109330,1175,21
"3122",51005,14860,78,4
"3123",51007,13145,123,5
"3124",51009,31605,370,4
"3125",51011,15911,208,2
"3126",51013,236842,3835,146
"3127",51015,75558,460,7
"3128",51017,4147,6,1
"3129",51019,78997,699,12
"3130",51021,6280,64,4
"3131",51023,33419,284,10
"3132",51025,16231,344,4
"3133",51027,21004,125,2
"3134",51029,17148,676,9
"3135",51031,54885,400,4
"3136",51033,30725,327,5
"3137",51035,29791,474,22
"3138",51036,6963,82,5
"3139",51037,11880,99,0
"3140",51041,352802,5724,90
"3141",51043,14619,91,0
"3142",51045,5131,28,0
"3143",51047,52605,1179,16
"3144",51049,9932,102,1
"3145",51051,14318,87,1
"3146",51053,28544,362,10
"3147",51057,10953,169,2
"3148",51059,1147532,20155,579
"3149",51061,71222,901,21
"3150",51063,15749,191,5
"3151",51065,27270,358,9
"3152",51067,56042,303,3
"3153",51069,89313,838,11
"3154",51071,16720,83,0
"3155",51073,37348,226,2
"3156",51075,23753,255,7
"3157",51077,15550,294,10
"3158",51079,19819,209,3
"3159",51081,11336,764,11
"3160",51083,33911,318,5
"3161",51085,107766,1212,36
"3162",51087,330818,5224,208
"3163",51089,50557,996,20
"3164",51091,2190,6,0
"3165",51093,37109,695,17
"3166",51095,76523,824,19
"3167",51097,7025,66,1
"3168",51099,26836,225,4
"3169",51101,17148,149,2
"3170",51103,10603,132,0
"3171",51105,23423,258,6
"3172",51107,413538,6633,123
"3173",51109,37591,280,5
"3174",51111,12196,110,3
"3175",51113,13261,102,3
"3176",51115,8834,35,0
"3177",51117,30587,663,33
"3178",51119,10582,108,9
"3179",51121,98535,1679,4
"3180",51125,14930,98,1
"3181",51127,23091,180,2
"3182",51131,11710,305,31
"3183",51133,12095,141,5
"3184",51135,15232,247,16
"3185",51137,37051,308,4
"3186",51139,23902,380,29
"3187",51141,17608,269,24
"3188",51143,60354,941,9
"3189",51145,29652,210,5
"3190",51147,22802,559,12
"3191",51149,38353,721,4
"3192",51153,470335,12027,199
"3193",51155,34027,209,4
"3194",51157,7370,65,2
"3195",51159,9023,349,4
"3196",51161,94186,774,7
"3197",51163,22573,98,2
"3198",51165,81948,1352,21
"3199",51167,26586,229,4
"3200",51169,21566,179,4
"3201",51171,43616,799,57
"3202",51173,30104,419,7
"3203",51175,17631,530,21
"3204",51177,136215,2076,43
"3205",51179,152882,1934,14
"3206",51181,6422,109,3
"3207",51183,11159,388,10
"3208",51185,40595,251,2
"3209",51187,40164,412,6
"3210",51191,53740,533,16
"3211",51193,18015,255,3
"3212",51195,37383,388,7
"3213",51197,28684,220,3
"3214",51199,68280,523,6
"3215",51510,159428,3684,68
"3216",51520,16762,175,3
"3217",51530,6478,79,1
"3218",51540,47266,1048,27
"3219",51550,244835,4184,67
"3220",51570,17370,242,24
"3221",51580,5538,30,0
"3222",51590,40044,811,22
"3223",51595,5346,246,25
"3224",51600,24019,134,7
"3225",51610,14617,68,6
"3226",51620,7967,385,9
"3227",51630,29036,525,5
"3228",51640,6347,407,30
"3229",51650,134510,1768,21
"3230",51660,53016,2420,34
"3231",51670,22529,381,7
"3232",51678,7446,51,1
"3233",51680,82168,1278,11
"3234",51683,41085,1877,25
"3235",51685,17478,605,7
"3236",51690,12554,375,15
"3237",51700,179225,2658,33
"3238",51710,242742,4723,68
"3239",51720,3981,33,0
"3240",51730,31346,717,26
"3241",51735,12271,76,2
"3242",51740,94398,2518,51
"3243",51750,18249,710,1
"3244",51760,230436,4468,55
"3245",51770,99143,1563,17
"3246",51775,25301,259,4
"3247",51790,24932,234,0
"3248",51800,92108,1889,71
"3249",51810,449974,6620,79
"3250",51820,22630,253,3
"3251",51830,14954,172,7
"3252",51840,28078,482,4
"3253",53001,19983,799,9
"3254",53003,22582,83,2
"3255",53005,204390,4399,127
"3256",53007,77200,1832,14
"3257",53009,77331,221,1
"3258",53011,488241,2563,62
"3259",53013,3985,14,1
"3260",53015,110593,603,6
"3261",53017,43429,1176,9
"3262",53019,7627,29,0
"3263",53021,95222,4176,63
"3264",53023,2225,11,0
"3265",53025,97733,2777,19
"3266",53027,75061,419,6
"3267",53029,85141,292,11
"3268",53031,32221,71,0
"3269",53033,2252782,21388,751
"3270",53035,271473,1137,11
"3271",53037,47935,494,22
"3272",53039,22425,190,3
"3273",53041,80707,455,4
"3274",53043,10939,39,1
"3275",53045,66768,367,3
"3276",53047,42243,1026,9
"3277",53049,22471,80,3
"3278",53051,13724,58,0
"3279",53053,904980,7519,191
"3280",53055,17582,29,0
"3281",53057,129205,1077,22
"3282",53059,12083,60,1
"3283",53061,822083,6675,210
"3284",53063,522798,6175,150
"3285",53065,45723,146,2
"3286",53067,290536,1023,17
"3287",53069,4488,6,0
"3288",53071,60760,858,5
"3289",53073,229247,1252,40
"3290",53075,50104,1128,0
"3291",53077,250873,11260,256
"3292",54001,16441,44,1
"3293",54003,119171,938,13
"3294",54005,21457,192,1
"3295",54007,13957,10,0
"3296",54009,21939,106,1
"3297",54011,91945,712,10
"3298",54013,7109,23,0
"3299",54015,8508,34,2
"3300",54017,8448,18,0
"3301",54019,42406,534,10
"3302",54021,7823,21,0
"3303",54023,11568,150,7
"3304",54025,34662,120,3
"3305",54027,23175,100,1
"3306",54029,28810,141,0
"3307",54031,13776,80,1
"3308",54033,67256,336,7
"3309",54035,28576,238,23
"3310",54037,57146,418,4
"3311",54039,178124,2258,65
"3312",54041,15907,38,2
"3313",54043,20409,152,2
"3314",54045,32019,565,39
"3315",54047,17624,80,0
"3316",54049,56072,253,3
"3317",54051,30531,154,1
"3318",54053,26516,134,5
"3319",54055,58758,398,26
"3320",54057,26868,163,4
"3321",54059,23424,353,9
"3322",54061,105612,1867,5
"3323",54063,13275,146,7
"3324",54065,17884,50,0
"3325",54067,24496,82,3
"3326",54069,41411,349,6
"3327",54071,6969,52,1
"3328",54073,7460,16,2
"3329",54075,8247,59,0
"3330",54077,33432,149,4
"3331",54079,56450,484,4
"3332",54081,73361,471,8
"3333",54083,28695,234,1
"3334",54085,9554,10,0
"3335",54087,13688,47,2
"3336",54089,12573,40,0
"3337",54091,16695,117,6
"3338",54093,6839,15,0
"3339",54095,8591,15,0
"3340",54097,24176,60,0
"3341",54099,39402,339,10
"3342",54101,8114,7,0
"3343",54103,15065,49,0
"3344",54105,5821,10,0
"3345",54107,83518,347,6
"3346",54109,20394,96,3
"3347",55001,20220,205,3
"3348",55003,15562,60,2
"3349",55005,45244,432,4
"3350",55007,15036,86,1
"3351",55009,264542,7571,59
"3352",55011,13031,122,2
"3353",55013,15414,117,3
"3354",55015,50089,889,2
"3355",55017,64658,490,0
"3356",55019,34774,348,8
"3357",55021,57532,538,2
"3358",55023,16131,143,0
"3359",55025,546695,9086,41
"3360",55027,87839,1596,9
"3361",55029,27668,249,3
"3362",55031,43150,383,0
"3363",55033,45368,373,0
"3364",55035,104646,1547,6
"3365",55037,4295,58,0
"3366",55039,103403,1751,13
"3367",55041,9004,209,4
"3368",55043,51439,820,19
"3369",55045,36960,449,2
"3370",55047,18913,226,0
"3371",55049,23678,169,0
"3372",55051,5687,143,1
"3373",55053,20643,110,1
"3374",55055,84769,1264,7
"3375",55057,26687,319,2
"3376",55059,169561,3637,65
"3377",55061,20434,372,2
"3378",55063,118016,2618,2
"3379",55065,16665,216,0
"3380",55067,19189,123,2
"3381",55069,27593,142,1
"3382",55071,78981,890,2
"3383",55073,135692,1098,14
"3384",55075,40350,743,7
"3385",55077,15574,184,1
"3386",55078,4556,43,0
"3387",55079,945726,28268,521
"3388",55081,46253,389,2
"3389",55083,37930,683,4
"3390",55085,35595,331,2
"3391",55087,187885,3632,27
"3392",55089,89221,1279,19
"3393",55091,7287,57,0
"3394",55093,42754,553,6
"3395",55095,43783,225,2
"3396",55097,70772,1170,4
"3397",55099,13351,52,0
"3398",55101,196311,4825,94
"3399",55103,17252,97,4
"3400",55105,163354,2394,32
"3401",55107,14178,54,1
"3402",55109,90687,858,8
"3403",55111,64442,842,3
"3404",55113,16558,195,1
"3405",55115,40899,518,1
"3406",55117,115340,1486,14
"3407",55119,20343,150,3
"3408",55121,29649,543,2
"3409",55123,30822,172,0
"3410",55125,22195,170,1
"3411",55127,103868,2566,34
"3412",55129,15720,93,1
"3413",55131,136034,2282,32
"3414",55133,404198,7162,85
"3415",55135,50990,999,19
"3416",55137,24443,272,2
"3417",55139,171907,2719,23
"3418",55141,72999,702,3
"3419",56001,38880,332,0
"3420",56003,11790,51,1
"3421",56005,46341,238,1
"3422",56007,14800,209,2
"3423",56009,13822,93,0
"3424",56011,7584,34,0
"3425",56013,39261,658,14
"3426",56015,13211,74,2
"3427",56017,4413,37,0
"3428",56019,8445,29,1
"3429",56021,99500,641,4
"3430",56023,19830,136,1
"3431",56025,79858,438,4
"3432",56027,2356,3,0
"3433",56029,29194,202,2
"3434",56031,8393,19,1
"3435",56033,30485,234,4
"3436",56035,9831,71,1
"3437",56037,42343,322,2
"3438",56039,23464,493,1
"3439",56041,20226,330,2
"3440",56043,7805,113,6
"3441",56045,6927,23,0
